Building for debugging...
[0/18] /private/tmp/zoid-integrate-zc037-compact-helper/.build/arm64-apple-macosx/debug/ZoidCoachPackageTests.derived/runner.swift
[1/18] Write ZoidCoach-entitlement.plist
[1/18] Write sources
[7/18] Write ZoidCoachAgent-entitlement.plist
[9/18] Write swift-version--58304C5D6DBC2206.txt
[11/55] Compiling ZoidCoachCore ScreenwatchIngestionControl.swift
[12/55] Compiling ZoidCoachCore ScreenwatchObservation.swift
[13/55] Compiling ZoidCoachCore StructuredGeneration.swift
[14/55] Compiling ZoidCoachCore TaskEstimateProgress.swift
[15/55] Compiling ZoidCoachCore ReminderCompletionSyncState.swift
[16/55] Compiling ZoidCoachCore ReminderRescheduleSyncState.swift
[17/55] Compiling ZoidCoachCore ReviewLearningDeletionDisclosure.swift
[18/55] Compiling ZoidCoachCore RuntimeEnvironment.swift
[19/58] Compiling ZoidCoachCore MeetingCandidatePolicy.swift
[20/58] Compiling ZoidCoachCore ModelRun.swift
[21/58] Compiling ZoidCoachCore NightlyPlanningSchedule.swift
[22/58] Compiling ZoidCoachCore OCRText.swift
[23/58] Compiling ZoidCoachCore ContextualAppClassification.swift
[24/58] Compiling ZoidCoachCore DailyReview.swift
[25/58] Compiling ZoidCoachCore DailySourceCoverage.swift
[26/58] Compiling ZoidCoachCore DeterministicOSFixtures.swift
[27/58] Compiling ZoidCoachCore AgentMutationCommand.swift
[28/58] Compiling ZoidCoachCore AutonomousPlanner.swift
[29/58] Compiling ZoidCoachCore BaselineObservation.swift
[30/58] Compiling ZoidCoachCore CalendarBlockScheduler.swift
[31/58] Compiling ZoidCoachCore DeterministicReplay.swift
[32/58] Compiling ZoidCoachCore DeterministicTestControl.swift
[33/58] Compiling ZoidCoachCore DomainEvent.swift
[34/58] Compiling ZoidCoachCore MeetingCandidateExtractor.swift
[35/58] Compiling ZoidCoachCore OnboardingProgress.swift
[36/58] Compiling ZoidCoachCore PlanningInvitation.swift
[37/58] Compiling ZoidCoachCore PromptInbox.swift
[38/58] Compiling ZoidCoachCore RecommendationFeedback.swift
[39/58] Compiling ZoidCoachCore ActionCommand.swift
[40/58] Compiling ZoidCoachCore ActionSources.swift
[41/58] Compiling ZoidCoachCore AdaptiveLearning.swift
[42/58] Compiling ZoidCoachCore AgentLivenessPolicy.swift
[43/58] Compiling ZoidCoachCore WakeUpPolicy.swift
[44/58] Compiling ZoidCoachCore WeeklyReview.swift
[45/58] Compiling ZoidCoachCore ZoidCoachStorage.swift
[46/58] Compiling ZoidCoachCore TodayDashboard.swift
[47/58] Compiling ZoidCoachCore UserPolicy.swift
[48/58] Compiling ZoidCoachCore UserPolicyPlanning.swift
[49/58] Compiling ZoidCoachCore VoiceDomain.swift
[50/58] Emitting module ZoidCoachCore
[51/122] Emitting module ZoidCoachInfrastructure
[52/129] Compiling ZoidCoachInfrastructure PromptInboxStore.swift
[53/129] Compiling ZoidCoachInfrastructure PromptNotificationCoordinator.swift
[54/129] Compiling ZoidCoachInfrastructure PromptNotificationRelevance.swift
[55/129] Compiling ZoidCoachInfrastructure PromptResponseEffectRouter.swift
[56/129] Compiling ZoidCoachInfrastructure QAFixtureOSComposition.swift
[57/129] Compiling ZoidCoachInfrastructure QANotificationReplacementProbe.swift
[58/129] Compiling ZoidCoachInfrastructure QuietHoursDeliveryBoundary.swift
[59/129] Compiling ZoidCoachInfrastructure PlanScheduleRequestStore.swift
[60/129] Compiling ZoidCoachInfrastructure PlanUndoRequestStore.swift
[61/129] Compiling ZoidCoachInfrastructure PlannerTrustGateStore.swift
[62/129] Compiling ZoidCoachInfrastructure PlanningInvitationService.swift
[63/129] Compiling ZoidCoachInfrastructure PolicyStore.swift
[64/129] Compiling ZoidCoachInfrastructure PrivacyDataService.swift
[65/129] Compiling ZoidCoachInfrastructure ProcessingCheckpointStore.swift
[66/129] Compiling ZoidCoachInfrastructure DomainEventStore.swift
[67/129] Compiling ZoidCoachInfrastructure EventKitActionSources.swift
[68/129] Compiling ZoidCoachInfrastructure GamingDriftPromptService.swift
[69/129] Compiling ZoidCoachInfrastructure GeminiAPIKeyStore.swift
[70/129] Compiling ZoidCoachInfrastructure GeminiLiveTransport.swift
[71/129] Compiling ZoidCoachInfrastructure LearningAggregateStore.swift
[72/129] Compiling ZoidCoachInfrastructure LocalEvidenceCipher.swift
[73/129] Compiling ZoidCoachInfrastructure ScreenwatchSourceRepository.swift
[74/129] Compiling ZoidCoachInfrastructure StructuredGenerationProviders.swift
[75/129] Compiling ZoidCoachInfrastructure TaskExecutionStore.swift
[76/129] Compiling ZoidCoachInfrastructure TaskHistoryStore.swift
[77/129] Compiling ZoidCoachInfrastructure TaskMutationOperationStore.swift
[78/129] Compiling ZoidCoachInfrastructure TimeZonePlanMoveInspector.swift
[79/129] Compiling ZoidCoachInfrastructure TodayDashboardAgent.swift
[80/129] Compiling ZoidCoachInfrastructure CodexCLIPlanningAdvisor.swift
/private/tmp/zoid-integrate-zc037-compact-helper/Sources/ZoidCoachInfrastructure/CodexJobCoordinator.swift:227:13: warning: variable 'codexArguments' was never mutated; consider changing to 'let' constant
225 |         outputHandle = try FileHandle(forWritingTo: outputURL)
226 |         errorHandle = try FileHandle(forWritingTo: errorURL)
227 |         var codexArguments = [
    |             `- warning: variable 'codexArguments' was never mutated; consider changing to 'let' constant
228 |             "exec",
229 |             "--sandbox", job.sandbox == .workspaceWrite ? "workspace-write" : "read-only",
[81/129] Compiling ZoidCoachInfrastructure CodexJobCoordinator.swift
/private/tmp/zoid-integrate-zc037-compact-helper/Sources/ZoidCoachInfrastructure/CodexJobCoordinator.swift:227:13: warning: variable 'codexArguments' was never mutated; consider changing to 'let' constant
225 |         outputHandle = try FileHandle(forWritingTo: outputURL)
226 |         errorHandle = try FileHandle(forWritingTo: errorURL)
227 |         var codexArguments = [
    |             `- warning: variable 'codexArguments' was never mutated; consider changing to 'let' constant
228 |             "exec",
229 |             "--sandbox", job.sandbox == .workspaceWrite ? "workspace-write" : "read-only",
[82/129] Compiling ZoidCoachInfrastructure DailyReviewStore.swift
/private/tmp/zoid-integrate-zc037-compact-helper/Sources/ZoidCoachInfrastructure/CodexJobCoordinator.swift:227:13: warning: variable 'codexArguments' was never mutated; consider changing to 'let' constant
225 |         outputHandle = try FileHandle(forWritingTo: outputURL)
226 |         errorHandle = try FileHandle(forWritingTo: errorURL)
227 |         var codexArguments = [
    |             `- warning: variable 'codexArguments' was never mutated; consider changing to 'let' constant
228 |             "exec",
229 |             "--sandbox", job.sandbox == .workspaceWrite ? "workspace-write" : "read-only",
[83/129] Compiling ZoidCoachInfrastructure DailySourceCoverageStore.swift
/private/tmp/zoid-integrate-zc037-compact-helper/Sources/ZoidCoachInfrastructure/CodexJobCoordinator.swift:227:13: warning: variable 'codexArguments' was never mutated; consider changing to 'let' constant
225 |         outputHandle = try FileHandle(forWritingTo: outputURL)
226 |         errorHandle = try FileHandle(forWritingTo: errorURL)
227 |         var codexArguments = [
    |             `- warning: variable 'codexArguments' was never mutated; consider changing to 'let' constant
228 |             "exec",
229 |             "--sandbox", job.sandbox == .workspaceWrite ? "workspace-write" : "read-only",
[84/129] Compiling ZoidCoachInfrastructure DatabaseWriteCircuitBreaker.swift
/private/tmp/zoid-integrate-zc037-compact-helper/Sources/ZoidCoachInfrastructure/CodexJobCoordinator.swift:227:13: warning: variable 'codexArguments' was never mutated; consider changing to 'let' constant
225 |         outputHandle = try FileHandle(forWritingTo: outputURL)
226 |         errorHandle = try FileHandle(forWritingTo: errorURL)
227 |         var codexArguments = [
    |             `- warning: variable 'codexArguments' was never mutated; consider changing to 'let' constant
228 |             "exec",
229 |             "--sandbox", job.sandbox == .workspaceWrite ? "workspace-write" : "read-only",
[85/129] Compiling ZoidCoachInfrastructure DescriptorRelativeStateDirectory.swift
/private/tmp/zoid-integrate-zc037-compact-helper/Sources/ZoidCoachInfrastructure/CodexJobCoordinator.swift:227:13: warning: variable 'codexArguments' was never mutated; consider changing to 'let' constant
225 |         outputHandle = try FileHandle(forWritingTo: outputURL)
226 |         errorHandle = try FileHandle(forWritingTo: errorURL)
227 |         var codexArguments = [
    |             `- warning: variable 'codexArguments' was never mutated; consider changing to 'let' constant
228 |             "exec",
229 |             "--sandbox", job.sandbox == .workspaceWrite ? "workspace-write" : "read-only",
[86/129] Compiling ZoidCoachInfrastructure DeterministicOSFixtureAdapters.swift
/private/tmp/zoid-integrate-zc037-compact-helper/Sources/ZoidCoachInfrastructure/CodexJobCoordinator.swift:227:13: warning: variable 'codexArguments' was never mutated; consider changing to 'let' constant
225 |         outputHandle = try FileHandle(forWritingTo: outputURL)
226 |         errorHandle = try FileHandle(forWritingTo: errorURL)
227 |         var codexArguments = [
    |             `- warning: variable 'codexArguments' was never mutated; consider changing to 'let' constant
228 |             "exec",
229 |             "--sandbox", job.sandbox == .workspaceWrite ? "workspace-write" : "read-only",
[87/129] Compiling ZoidCoachInfrastructure AIProviderCapabilities.swift
[88/129] Compiling ZoidCoachInfrastructure AcceptedBreakReminderService.swift
[89/129] Compiling ZoidCoachInfrastructure ActionCommandExecutor.swift
[90/129] Compiling ZoidCoachInfrastructure ActionOutboxStore.swift
[91/129] Compiling ZoidCoachInfrastructure AgentCaptureHealth.swift
[92/129] Compiling ZoidCoachInfrastructure AgentMutationRouter.swift
[93/129] Compiling ZoidCoachInfrastructure AgentOwnedStateStore.swift
[94/129] Compiling ZoidCoachInfrastructure MacChiefOfStaffActions.swift
[95/129] Compiling ZoidCoachInfrastructure MeetingPromptBuilder.swift
[96/129] Compiling ZoidCoachInfrastructure ModelRunStore.swift
[97/129] Compiling ZoidCoachInfrastructure NotificationDeliveryLedger.swift
[98/129] Compiling ZoidCoachInfrastructure OllamaPlanningAdvisor.swift
[99/129] Compiling ZoidCoachInfrastructure OnboardingProgressStore.swift
[100/129] Compiling ZoidCoachInfrastructure OnboardingTestPromptService.swift
[101/129] Compiling ZoidCoachInfrastructure TodayDashboardXPC.swift
[102/129] Compiling ZoidCoachInfrastructure TodaySnapshotStore.swift
[103/129] Compiling ZoidCoachInfrastructure UserNotificationActionSource.swift
[104/129] Compiling ZoidCoachInfrastructure VoiceAgentController.swift
[105/129] Compiling ZoidCoachInfrastructure VoicePersistenceStore.swift
[106/129] Compiling ZoidCoachInfrastructure VoiceToolRouter.swift
[107/129] Compiling ZoidCoachInfrastructure WeeklyReviewStore.swift
[108/129] Compiling ZoidCoachInfrastructure AgentPlanScheduler.swift
[109/129] Compiling ZoidCoachInfrastructure AuditedPlanningAdvisor.swift
[110/129] Compiling ZoidCoachInfrastructure AutonomousDatabaseMigrator.swift
[111/129] Compiling ZoidCoachInfrastructure AutonomousPlanStore.swift
[112/129] Compiling ZoidCoachInfrastructure BaselineObservationStore.swift
[113/129] Compiling ZoidCoachInfrastructure CalendarPlanOperationStore.swift
[114/129] Compiling ZoidCoachInfrastructure ChiefOfStaffToolExecutor.swift
[115/129] Compiling ZoidCoachInfrastructure RecommendationFeedbackStore.swift
[116/129] Compiling ZoidCoachInfrastructure ReminderSnapshotStore.swift
[117/129] Compiling ZoidCoachInfrastructure ReviewReminderService.swift
[118/129] Compiling ZoidCoachInfrastructure ScreenContextSelector.swift
[119/129] Compiling ZoidCoachInfrastructure ScreenshotTextRecognizer.swift
[120/129] Compiling ZoidCoachInfrastructure ScreenwatchArchive.swift
[121/129] Compiling ZoidCoachInfrastructure ScreenwatchMaintenanceService.swift
[122/216] Compiling ZoidCoachAgent ParentAppLauncher.swift
[123/216] Compiling ZoidCoachAgent AgentReminderPlanner.swift
[124/216] Compiling ZoidCoachAgent NativeScreenCaptureService.swift
[125/216] Compiling ZoidCoachApp LocalSystemDiagnosticsService.swift
[126/216] Compiling ZoidCoachApp NotificationService.swift
[127/216] Compiling ZoidCoachApp QAFixtureOSServices.swift
[128/216] Compiling ZoidCoachApp RemindersConnectionController.swift
[129/216] Compiling ZoidCoachApp RemindersService.swift
[130/216] Compiling ZoidCoachApp ScreenwatchReader.swift
[131/216] Compiling ZoidCoachApp ScreenwatchSetupService.swift
[132/216] Compiling ZoidCoachApp SettingsNotificationDeliveryTestController.swift
[133/216] Compiling ZoidCoachApp SourceRepairGuidance.swift
[134/224] Compiling ZoidCoachApp OnboardingDeliveryTestService.swift
[135/224] Compiling ZoidCoachApp OnboardingDependencies.swift
[136/224] Compiling ZoidCoachApp OnboardingFirstDailyPlanService.swift
[137/224] Compiling ZoidCoachApp OnboardingWelcomeCopy.swift
[138/224] Compiling ZoidCoachApp PlanningCapacityState.swift
[139/224] Compiling ZoidCoachApp PolicyMutationXPCProbe.swift
[140/224] Compiling ZoidCoachApp PromptActionPresentation.swift
[141/224] Compiling ZoidCoachApp PromptTaskBlockState.swift
[142/224] Compiling ZoidCoachApp ReminderCompletionSyncXPCProbe.swift
[143/224] Compiling ZoidCoachApp SumiTheme.swift
[144/224] Compiling ZoidCoachApp EndWorkdayReviewController.swift
[145/224] Compiling ZoidCoachApp GamingUnlockConditionPresentation.swift
[146/224] Compiling ZoidCoachApp LocalTaskCreationController.swift
[147/224] Compiling ZoidCoachApp ManualLocalTaskXPCProbe.swift
[148/224] Compiling ZoidCoachApp MenuBarCoachState.swift
[149/224] Compiling ZoidCoachApp MenuBarCoachView.swift
[150/224] Compiling ZoidCoachApp MenuBarCoachingPauseController.swift
[151/224] Compiling ZoidCoachApp OnboardingCoordinator.swift
[152/224] Compiling ZoidCoachApp LocalWakeWordDetector.swift
/private/tmp/zoid-integrate-zc037-compact-helper/Sources/ZoidCoachApp/Voice/VoiceAudioEngine.swift:118:20: warning: reference to captured var 'supplied' in concurrently-executing code [#SendableClosureCaptures]
116 |         var error: NSError?
117 |         let status = converter.convert(to: output, error: &error) { _, state in
118 |             guard !supplied else {
    |                    `- warning: reference to captured var 'supplied' in concurrently-executing code [#SendableClosureCaptures]
119 |                 state.pointee = .endOfStream
120 |                 return nil

/private/tmp/zoid-integrate-zc037-compact-helper/Sources/ZoidCoachApp/Voice/VoiceAudioEngine.swift:122:13: warning: mutation of captured var 'supplied' in concurrently-executing code [#SendableClosureCaptures]
120 |                 return nil
121 |             }
122 |             supplied = true
    |             `- warning: mutation of captured var 'supplied' in concurrently-executing code [#SendableClosureCaptures]
123 |             state.pointee = .haveData
124 |             return buffer

[#SendableClosureCaptures]: <https://docs.swift.org/compiler/documentation/diagnostics/sendable-closure-captures>
[153/224] Compiling ZoidCoachApp ProactiveVoiceCoordinator.swift
/private/tmp/zoid-integrate-zc037-compact-helper/Sources/ZoidCoachApp/Voice/VoiceAudioEngine.swift:118:20: warning: reference to captured var 'supplied' in concurrently-executing code [#SendableClosureCaptures]
116 |         var error: NSError?
117 |         let status = converter.convert(to: output, error: &error) { _, state in
118 |             guard !supplied else {
    |                    `- warning: reference to captured var 'supplied' in concurrently-executing code [#SendableClosureCaptures]
119 |                 state.pointee = .endOfStream
120 |                 return nil

/private/tmp/zoid-integrate-zc037-compact-helper/Sources/ZoidCoachApp/Voice/VoiceAudioEngine.swift:122:13: warning: mutation of captured var 'supplied' in concurrently-executing code [#SendableClosureCaptures]
120 |                 return nil
121 |             }
122 |             supplied = true
    |             `- warning: mutation of captured var 'supplied' in concurrently-executing code [#SendableClosureCaptures]
123 |             state.pointee = .haveData
124 |             return buffer

[#SendableClosureCaptures]: <https://docs.swift.org/compiler/documentation/diagnostics/sendable-closure-captures>
[154/224] Compiling ZoidCoachApp VoiceAudioEngine.swift
/private/tmp/zoid-integrate-zc037-compact-helper/Sources/ZoidCoachApp/Voice/VoiceAudioEngine.swift:118:20: warning: reference to captured var 'supplied' in concurrently-executing code [#SendableClosureCaptures]
116 |         var error: NSError?
117 |         let status = converter.convert(to: output, error: &error) { _, state in
118 |             guard !supplied else {
    |                    `- warning: reference to captured var 'supplied' in concurrently-executing code [#SendableClosureCaptures]
119 |                 state.pointee = .endOfStream
120 |                 return nil

/private/tmp/zoid-integrate-zc037-compact-helper/Sources/ZoidCoachApp/Voice/VoiceAudioEngine.swift:122:13: warning: mutation of captured var 'supplied' in concurrently-executing code [#SendableClosureCaptures]
120 |                 return nil
121 |             }
122 |             supplied = true
    |             `- warning: mutation of captured var 'supplied' in concurrently-executing code [#SendableClosureCaptures]
123 |             state.pointee = .haveData
124 |             return buffer

[#SendableClosureCaptures]: <https://docs.swift.org/compiler/documentation/diagnostics/sendable-closure-captures>
[155/224] Compiling ZoidCoachApp VoiceConversationModel.swift
/private/tmp/zoid-integrate-zc037-compact-helper/Sources/ZoidCoachApp/Voice/VoiceAudioEngine.swift:118:20: warning: reference to captured var 'supplied' in concurrently-executing code [#SendableClosureCaptures]
116 |         var error: NSError?
117 |         let status = converter.convert(to: output, error: &error) { _, state in
118 |             guard !supplied else {
    |                    `- warning: reference to captured var 'supplied' in concurrently-executing code [#SendableClosureCaptures]
119 |                 state.pointee = .endOfStream
120 |                 return nil

/private/tmp/zoid-integrate-zc037-compact-helper/Sources/ZoidCoachApp/Voice/VoiceAudioEngine.swift:122:13: warning: mutation of captured var 'supplied' in concurrently-executing code [#SendableClosureCaptures]
120 |                 return nil
121 |             }
122 |             supplied = true
    |             `- warning: mutation of captured var 'supplied' in concurrently-executing code [#SendableClosureCaptures]
123 |             state.pointee = .haveData
124 |             return buffer

[#SendableClosureCaptures]: <https://docs.swift.org/compiler/documentation/diagnostics/sendable-closure-captures>
[156/224] Compiling ZoidCoachApp VoiceMenuView.swift
/private/tmp/zoid-integrate-zc037-compact-helper/Sources/ZoidCoachApp/Voice/VoiceAudioEngine.swift:118:20: warning: reference to captured var 'supplied' in concurrently-executing code [#SendableClosureCaptures]
116 |         var error: NSError?
117 |         let status = converter.convert(to: output, error: &error) { _, state in
118 |             guard !supplied else {
    |                    `- warning: reference to captured var 'supplied' in concurrently-executing code [#SendableClosureCaptures]
119 |                 state.pointee = .endOfStream
120 |                 return nil

/private/tmp/zoid-integrate-zc037-compact-helper/Sources/ZoidCoachApp/Voice/VoiceAudioEngine.swift:122:13: warning: mutation of captured var 'supplied' in concurrently-executing code [#SendableClosureCaptures]
120 |                 return nil
121 |             }
122 |             supplied = true
    |             `- warning: mutation of captured var 'supplied' in concurrently-executing code [#SendableClosureCaptures]
123 |             state.pointee = .haveData
124 |             return buffer

[#SendableClosureCaptures]: <https://docs.swift.org/compiler/documentation/diagnostics/sendable-closure-captures>
[157/224] Compiling ZoidCoachApp WakeTaskReconfirmationController.swift
/private/tmp/zoid-integrate-zc037-compact-helper/Sources/ZoidCoachApp/Voice/VoiceAudioEngine.swift:118:20: warning: reference to captured var 'supplied' in concurrently-executing code [#SendableClosureCaptures]
116 |         var error: NSError?
117 |         let status = converter.convert(to: output, error: &error) { _, state in
118 |             guard !supplied else {
    |                    `- warning: reference to captured var 'supplied' in concurrently-executing code [#SendableClosureCaptures]
119 |                 state.pointee = .endOfStream
120 |                 return nil

/private/tmp/zoid-integrate-zc037-compact-helper/Sources/ZoidCoachApp/Voice/VoiceAudioEngine.swift:122:13: warning: mutation of captured var 'supplied' in concurrently-executing code [#SendableClosureCaptures]
120 |                 return nil
121 |             }
122 |             supplied = true
    |             `- warning: mutation of captured var 'supplied' in concurrently-executing code [#SendableClosureCaptures]
123 |             state.pointee = .haveData
124 |             return buffer

[#SendableClosureCaptures]: <https://docs.swift.org/compiler/documentation/diagnostics/sendable-closure-captures>
[158/224] Compiling ZoidCoachApp ZC052005AcceptanceProbe.swift
/private/tmp/zoid-integrate-zc037-compact-helper/Sources/ZoidCoachApp/Voice/VoiceAudioEngine.swift:118:20: warning: reference to captured var 'supplied' in concurrently-executing code [#SendableClosureCaptures]
116 |         var error: NSError?
117 |         let status = converter.convert(to: output, error: &error) { _, state in
118 |             guard !supplied else {
    |                    `- warning: reference to captured var 'supplied' in concurrently-executing code [#SendableClosureCaptures]
119 |                 state.pointee = .endOfStream
120 |                 return nil

/private/tmp/zoid-integrate-zc037-compact-helper/Sources/ZoidCoachApp/Voice/VoiceAudioEngine.swift:122:13: warning: mutation of captured var 'supplied' in concurrently-executing code [#SendableClosureCaptures]
120 |                 return nil
121 |             }
122 |             supplied = true
    |             `- warning: mutation of captured var 'supplied' in concurrently-executing code [#SendableClosureCaptures]
123 |             state.pointee = .haveData
124 |             return buffer

[#SendableClosureCaptures]: <https://docs.swift.org/compiler/documentation/diagnostics/sendable-closure-captures>
[159/224] Compiling ZoidCoachApp ZoidCoachApp.swift
/private/tmp/zoid-integrate-zc037-compact-helper/Sources/ZoidCoachApp/Voice/VoiceAudioEngine.swift:118:20: warning: reference to captured var 'supplied' in concurrently-executing code [#SendableClosureCaptures]
116 |         var error: NSError?
117 |         let status = converter.convert(to: output, error: &error) { _, state in
118 |             guard !supplied else {
    |                    `- warning: reference to captured var 'supplied' in concurrently-executing code [#SendableClosureCaptures]
119 |                 state.pointee = .endOfStream
120 |                 return nil

/private/tmp/zoid-integrate-zc037-compact-helper/Sources/ZoidCoachApp/Voice/VoiceAudioEngine.swift:122:13: warning: mutation of captured var 'supplied' in concurrently-executing code [#SendableClosureCaptures]
120 |                 return nil
121 |             }
122 |             supplied = true
    |             `- warning: mutation of captured var 'supplied' in concurrently-executing code [#SendableClosureCaptures]
123 |             state.pointee = .haveData
124 |             return buffer

[#SendableClosureCaptures]: <https://docs.swift.org/compiler/documentation/diagnostics/sendable-closure-captures>
[160/224] Compiling ZoidCoachApp RemindersConnectionView.swift
[161/224] Compiling ZoidCoachApp RemoteEvidencePreview.swift
[162/224] Compiling ZoidCoachApp ScreenwatchConnectionView.swift
[163/224] Compiling ZoidCoachApp ScreenwatchRecordEvidence.swift
[164/224] Compiling ZoidCoachApp SettingsPolicyConflict.swift
[165/224] Compiling ZoidCoachApp SettingsPolicyController.swift
[166/224] Compiling ZoidCoachApp SettingsPolicyDraft.swift
[167/224] Compiling ZoidCoachApp SettingsView.swift
[168/224] Compiling ZoidCoachAgent AgentProgressMonitor.swift
[169/224] Emitting module ZoidCoachAgent
[170/224] Compiling ZoidCoachAgent AgentMain.swift
[171/224] Compiling ZoidCoachAgent AgentPermissionRequester.swift
[171/224] Write Objects.LinkFileList
[173/224] Compiling ZoidCoachApp TaskEstimateInput.swift
[174/224] Compiling ZoidCoachApp TaskKeyboardCommands.swift
[175/224] Compiling ZoidCoachApp TaskRescheduleState.swift
[176/224] Compiling ZoidCoachApp ActiveOfflineWorkSheet.swift
[177/224] Compiling ZoidCoachApp AgentLifecycleView.swift
[178/224] Compiling ZoidCoachApp AppClassificationLedger.swift
[179/224] Compiling ZoidCoachApp BaselineObservationView.swift
[180/224] Compiling ZoidCoachApp BehaviorEvidenceSheet.swift
[181/224] Compiling ZoidCoachApp CalendarPlanApprovalSheet.swift
[182/224] Compiling ZoidCoachApp SignedQATimeZonePickerControl.swift
[183/224] Compiling ZoidCoachApp TaskEstimateProgressView.swift
[184/224] Compiling ZoidCoachApp TodayDashboardCommandOverview.swift
[185/224] Compiling ZoidCoachApp TodayPromptInboxLedger.swift
[186/224] Compiling ZoidCoachApp WakeTaskReconfirmationView.swift
[187/224] Compiling ZoidCoachApp WeeklyReviewView.swift
[188/224] Compiling ZoidCoachApp GlobalVoiceHotKey.swift
[189/224] Compiling ZoidCoachApp LocalCommandFallback.swift
[189/224] Linking ZoidCoachAgent
[190/224] Applying ZoidCoachAgent
[192/224] Compiling ZoidCoachApp RemindersContinuityState.swift
[193/224] Compiling ZoidCoachApp RulesOnlyReviewState.swift
[194/224] Compiling ZoidCoachApp AIBudgetStatusService.swift
[195/224] Compiling ZoidCoachApp AgentLaunchService.swift
[196/224] Compiling ZoidCoachApp AgentLifecycleController.swift
[197/224] Compiling ZoidCoachApp AppClassificationRulesDocumentService.swift
[198/224] Compiling ZoidCoachApp AppInventoryService.swift
[199/224] Compiling ZoidCoachApp CalendarService.swift
[200/224] Compiling ZoidCoachApp EventStore.swift
[201/224] Compiling ZoidCoachApp ActiveCommitmentPresentation.swift
[202/224] Compiling ZoidCoachApp ActiveOfflineWorkEntry.swift
[203/224] Compiling ZoidCoachApp AppBuildIdentity.swift
[204/224] Compiling ZoidCoachApp AppModel.swift
[205/224] Compiling ZoidCoachApp BehaviorEvidenceState.swift
[206/224] Compiling ZoidCoachApp CalendarPlanApprovalReceiptStore.swift
[207/224] Compiling ZoidCoachApp CalendarPlanApprovalState.swift
[208/224] Compiling ZoidCoachApp DashboardEndWorkdayFlow.swift
[209/224] Compiling ZoidCoachApp DashboardPromptActionOutcome.swift
[210/224] Emitting module ZoidCoachApp
[211/224] Compiling ZoidCoachApp DailyReviewView.swift
[212/224] Compiling ZoidCoachApp DailySourceCoverageView.swift
[213/224] Compiling ZoidCoachApp DashboardView.swift
[214/224] Compiling ZoidCoachApp LearnedEstimateSuggestionView.swift
[215/224] Compiling ZoidCoachApp LocalSystemDiagnosticsView.swift
[216/224] Compiling ZoidCoachApp LocalTaskCreationView.swift
[217/224] Compiling ZoidCoachApp NotificationDeliveryHealthView.swift
[218/224] Compiling ZoidCoachApp OnboardingRootView.swift
[219/224] Compiling ZoidCoachApp QANotificationReplacementProbeView.swift
[219/224] Write Objects.LinkFileList
[220/224] Linking ZoidCoach
[221/224] Applying ZoidCoach
[223/344] Compiling ZoidCoachAppTests GeminiLiveTransportTests.swift
[224/344] Compiling ZoidCoachAppTests LearnedEstimateSuggestionTests.swift
[225/344] Compiling ZoidCoachAppTests LearningAggregateStoreTests.swift
[226/344] Compiling ZoidCoachAppTests LocalCommandParserTests.swift
[227/344] Compiling ZoidCoachAppTests LocalEvidenceCipherTests.swift
[228/344] Compiling ZoidCoachAppTests LocalSystemDiagnosticsServiceTests.swift
[229/344] Compiling ZoidCoachAppTests LocalTaskCreationControllerTests.swift
[230/344] Compiling ZoidCoachAppTests MeetingCandidateCardContextTests.swift
[231/344] Compiling ZoidCoachAppTests MeetingCandidatePolicyTests.swift
[232/344] Compiling ZoidCoachAppTests MeetingPromptBuilderTests.swift
[233/344] Compiling ZoidCoachAppTests MenuBarCoachTests.swift
[234/344] Compiling ZoidCoachAppTests ModelRunStoreTests.swift
[235/344] Compiling ZoidCoachAppTests NotificationDeliveryHealthTests.swift
[236/344] Compiling ZoidCoachAppTests AIBudgetStatusServiceTests.swift
/private/tmp/zoid-integrate-zc037-compact-helper/Tests/ZoidCoachAppTests/ActionOutboxStoreTests.swift:145:25: warning: 'save' is deprecated: Use saveMutation for user-driven writes. This escape hatch is only for system maintenance and bootstrap. [#DeprecatedDeclaration]
143 |     let policyStore = try PolicyStore(databaseURL: url)
144 |     let defaults = UserPolicy.defaults(timeZoneIdentifier: "Africa/Cairo")
145 |     _ = try policyStore.save(UserPolicy(
    |                         `- warning: 'save' is deprecated: Use saveMutation for user-driven writes. This escape hatch is only for system maintenance and bootstrap. [#DeprecatedDeclaration]
146 |         operatingMode: .observe,
147 |         automationPause: defaults.automationPause,

/private/tmp/zoid-integrate-zc037-compact-helper/Tests/ZoidCoachAppTests/ActionOutboxStoreTests.swift:174:25: warning: 'save' is deprecated: Use saveMutation for user-driven writes. This escape hatch is only for system maintenance and bootstrap. [#DeprecatedDeclaration]
172 |     #expect(try DomainEventStore(databaseURL: url).events().filter { $0.type == "action.would_do" }.count == 2)
173 | 
174 |     _ = try policyStore.save(UserPolicy(
    |                         `- warning: 'save' is deprecated: Use saveMutation for user-driven writes. This escape hatch is only for system maintenance and bootstrap. [#DeprecatedDeclaration]
175 |         operatingMode: .autonomous,
176 |         automationPause: defaults.automationPause,

[#DeprecatedDeclaration]: <https://docs.swift.org/compiler/documentation/diagnostics/deprecated-declaration>
[237/344] Compiling ZoidCoachAppTests AIProviderCapabilityTests.swift
/private/tmp/zoid-integrate-zc037-compact-helper/Tests/ZoidCoachAppTests/ActionOutboxStoreTests.swift:145:25: warning: 'save' is deprecated: Use saveMutation for user-driven writes. This escape hatch is only for system maintenance and bootstrap. [#DeprecatedDeclaration]
143 |     let policyStore = try PolicyStore(databaseURL: url)
144 |     let defaults = UserPolicy.defaults(timeZoneIdentifier: "Africa/Cairo")
145 |     _ = try policyStore.save(UserPolicy(
    |                         `- warning: 'save' is deprecated: Use saveMutation for user-driven writes. This escape hatch is only for system maintenance and bootstrap. [#DeprecatedDeclaration]
146 |         operatingMode: .observe,
147 |         automationPause: defaults.automationPause,

/private/tmp/zoid-integrate-zc037-compact-helper/Tests/ZoidCoachAppTests/ActionOutboxStoreTests.swift:174:25: warning: 'save' is deprecated: Use saveMutation for user-driven writes. This escape hatch is only for system maintenance and bootstrap. [#DeprecatedDeclaration]
172 |     #expect(try DomainEventStore(databaseURL: url).events().filter { $0.type == "action.would_do" }.count == 2)
173 | 
174 |     _ = try policyStore.save(UserPolicy(
    |                         `- warning: 'save' is deprecated: Use saveMutation for user-driven writes. This escape hatch is only for system maintenance and bootstrap. [#DeprecatedDeclaration]
175 |         operatingMode: .autonomous,
176 |         automationPause: defaults.automationPause,

[#DeprecatedDeclaration]: <https://docs.swift.org/compiler/documentation/diagnostics/deprecated-declaration>
[238/344] Compiling ZoidCoachAppTests AcceptedBreakLifecycleTests.swift
/private/tmp/zoid-integrate-zc037-compact-helper/Tests/ZoidCoachAppTests/ActionOutboxStoreTests.swift:145:25: warning: 'save' is deprecated: Use saveMutation for user-driven writes. This escape hatch is only for system maintenance and bootstrap. [#DeprecatedDeclaration]
143 |     let policyStore = try PolicyStore(databaseURL: url)
144 |     let defaults = UserPolicy.defaults(timeZoneIdentifier: "Africa/Cairo")
145 |     _ = try policyStore.save(UserPolicy(
    |                         `- warning: 'save' is deprecated: Use saveMutation for user-driven writes. This escape hatch is only for system maintenance and bootstrap. [#DeprecatedDeclaration]
146 |         operatingMode: .observe,
147 |         automationPause: defaults.automationPause,

/private/tmp/zoid-integrate-zc037-compact-helper/Tests/ZoidCoachAppTests/ActionOutboxStoreTests.swift:174:25: warning: 'save' is deprecated: Use saveMutation for user-driven writes. This escape hatch is only for system maintenance and bootstrap. [#DeprecatedDeclaration]
172 |     #expect(try DomainEventStore(databaseURL: url).events().filter { $0.type == "action.would_do" }.count == 2)
173 | 
174 |     _ = try policyStore.save(UserPolicy(
    |                         `- warning: 'save' is deprecated: Use saveMutation for user-driven writes. This escape hatch is only for system maintenance and bootstrap. [#DeprecatedDeclaration]
175 |         operatingMode: .autonomous,
176 |         automationPause: defaults.automationPause,

[#DeprecatedDeclaration]: <https://docs.swift.org/compiler/documentation/diagnostics/deprecated-declaration>
[239/344] Compiling ZoidCoachAppTests AcceptedBreakReminderServiceTests.swift
/private/tmp/zoid-integrate-zc037-compact-helper/Tests/ZoidCoachAppTests/ActionOutboxStoreTests.swift:145:25: warning: 'save' is deprecated: Use saveMutation for user-driven writes. This escape hatch is only for system maintenance and bootstrap. [#DeprecatedDeclaration]
143 |     let policyStore = try PolicyStore(databaseURL: url)
144 |     let defaults = UserPolicy.defaults(timeZoneIdentifier: "Africa/Cairo")
145 |     _ = try policyStore.save(UserPolicy(
    |                         `- warning: 'save' is deprecated: Use saveMutation for user-driven writes. This escape hatch is only for system maintenance and bootstrap. [#DeprecatedDeclaration]
146 |         operatingMode: .observe,
147 |         automationPause: defaults.automationPause,

/private/tmp/zoid-integrate-zc037-compact-helper/Tests/ZoidCoachAppTests/ActionOutboxStoreTests.swift:174:25: warning: 'save' is deprecated: Use saveMutation for user-driven writes. This escape hatch is only for system maintenance and bootstrap. [#DeprecatedDeclaration]
172 |     #expect(try DomainEventStore(databaseURL: url).events().filter { $0.type == "action.would_do" }.count == 2)
173 | 
174 |     _ = try policyStore.save(UserPolicy(
    |                         `- warning: 'save' is deprecated: Use saveMutation for user-driven writes. This escape hatch is only for system maintenance and bootstrap. [#DeprecatedDeclaration]
175 |         operatingMode: .autonomous,
176 |         automationPause: defaults.automationPause,

[#DeprecatedDeclaration]: <https://docs.swift.org/compiler/documentation/diagnostics/deprecated-declaration>
[240/344] Compiling ZoidCoachAppTests ActionCommandExecutorTests.swift
/private/tmp/zoid-integrate-zc037-compact-helper/Tests/ZoidCoachAppTests/ActionOutboxStoreTests.swift:145:25: warning: 'save' is deprecated: Use saveMutation for user-driven writes. This escape hatch is only for system maintenance and bootstrap. [#DeprecatedDeclaration]
143 |     let policyStore = try PolicyStore(databaseURL: url)
144 |     let defaults = UserPolicy.defaults(timeZoneIdentifier: "Africa/Cairo")
145 |     _ = try policyStore.save(UserPolicy(
    |                         `- warning: 'save' is deprecated: Use saveMutation for user-driven writes. This escape hatch is only for system maintenance and bootstrap. [#DeprecatedDeclaration]
146 |         operatingMode: .observe,
147 |         automationPause: defaults.automationPause,

/private/tmp/zoid-integrate-zc037-compact-helper/Tests/ZoidCoachAppTests/ActionOutboxStoreTests.swift:174:25: warning: 'save' is deprecated: Use saveMutation for user-driven writes. This escape hatch is only for system maintenance and bootstrap. [#DeprecatedDeclaration]
172 |     #expect(try DomainEventStore(databaseURL: url).events().filter { $0.type == "action.would_do" }.count == 2)
173 | 
174 |     _ = try policyStore.save(UserPolicy(
    |                         `- warning: 'save' is deprecated: Use saveMutation for user-driven writes. This escape hatch is only for system maintenance and bootstrap. [#DeprecatedDeclaration]
175 |         operatingMode: .autonomous,
176 |         automationPause: defaults.automationPause,

[#DeprecatedDeclaration]: <https://docs.swift.org/compiler/documentation/diagnostics/deprecated-declaration>
[241/344] Compiling ZoidCoachAppTests ActionOutboxStoreTests.swift
/private/tmp/zoid-integrate-zc037-compact-helper/Tests/ZoidCoachAppTests/ActionOutboxStoreTests.swift:145:25: warning: 'save' is deprecated: Use saveMutation for user-driven writes. This escape hatch is only for system maintenance and bootstrap. [#DeprecatedDeclaration]
143 |     let policyStore = try PolicyStore(databaseURL: url)
144 |     let defaults = UserPolicy.defaults(timeZoneIdentifier: "Africa/Cairo")
145 |     _ = try policyStore.save(UserPolicy(
    |                         `- warning: 'save' is deprecated: Use saveMutation for user-driven writes. This escape hatch is only for system maintenance and bootstrap. [#DeprecatedDeclaration]
146 |         operatingMode: .observe,
147 |         automationPause: defaults.automationPause,

/private/tmp/zoid-integrate-zc037-compact-helper/Tests/ZoidCoachAppTests/ActionOutboxStoreTests.swift:174:25: warning: 'save' is deprecated: Use saveMutation for user-driven writes. This escape hatch is only for system maintenance and bootstrap. [#DeprecatedDeclaration]
172 |     #expect(try DomainEventStore(databaseURL: url).events().filter { $0.type == "action.would_do" }.count == 2)
173 | 
174 |     _ = try policyStore.save(UserPolicy(
    |                         `- warning: 'save' is deprecated: Use saveMutation for user-driven writes. This escape hatch is only for system maintenance and bootstrap. [#DeprecatedDeclaration]
175 |         operatingMode: .autonomous,
176 |         automationPause: defaults.automationPause,

[#DeprecatedDeclaration]: <https://docs.swift.org/compiler/documentation/diagnostics/deprecated-declaration>
[242/344] Compiling ZoidCoachAppTests ActiveCommitmentPresentationTests.swift
/private/tmp/zoid-integrate-zc037-compact-helper/Tests/ZoidCoachAppTests/ActionOutboxStoreTests.swift:145:25: warning: 'save' is deprecated: Use saveMutation for user-driven writes. This escape hatch is only for system maintenance and bootstrap. [#DeprecatedDeclaration]
143 |     let policyStore = try PolicyStore(databaseURL: url)
144 |     let defaults = UserPolicy.defaults(timeZoneIdentifier: "Africa/Cairo")
145 |     _ = try policyStore.save(UserPolicy(
    |                         `- warning: 'save' is deprecated: Use saveMutation for user-driven writes. This escape hatch is only for system maintenance and bootstrap. [#DeprecatedDeclaration]
146 |         operatingMode: .observe,
147 |         automationPause: defaults.automationPause,

/private/tmp/zoid-integrate-zc037-compact-helper/Tests/ZoidCoachAppTests/ActionOutboxStoreTests.swift:174:25: warning: 'save' is deprecated: Use saveMutation for user-driven writes. This escape hatch is only for system maintenance and bootstrap. [#DeprecatedDeclaration]
172 |     #expect(try DomainEventStore(databaseURL: url).events().filter { $0.type == "action.would_do" }.count == 2)
173 | 
174 |     _ = try policyStore.save(UserPolicy(
    |                         `- warning: 'save' is deprecated: Use saveMutation for user-driven writes. This escape hatch is only for system maintenance and bootstrap. [#DeprecatedDeclaration]
175 |         operatingMode: .autonomous,
176 |         automationPause: defaults.automationPause,

[#DeprecatedDeclaration]: <https://docs.swift.org/compiler/documentation/diagnostics/deprecated-declaration>
[243/344] Compiling ZoidCoachAppTests ActiveOfflineWorkEntryTests.swift
/private/tmp/zoid-integrate-zc037-compact-helper/Tests/ZoidCoachAppTests/ActionOutboxStoreTests.swift:145:25: warning: 'save' is deprecated: Use saveMutation for user-driven writes. This escape hatch is only for system maintenance and bootstrap. [#DeprecatedDeclaration]
143 |     let policyStore = try PolicyStore(databaseURL: url)
144 |     let defaults = UserPolicy.defaults(timeZoneIdentifier: "Africa/Cairo")
145 |     _ = try policyStore.save(UserPolicy(
    |                         `- warning: 'save' is deprecated: Use saveMutation for user-driven writes. This escape hatch is only for system maintenance and bootstrap. [#DeprecatedDeclaration]
146 |         operatingMode: .observe,
147 |         automationPause: defaults.automationPause,

/private/tmp/zoid-integrate-zc037-compact-helper/Tests/ZoidCoachAppTests/ActionOutboxStoreTests.swift:174:25: warning: 'save' is deprecated: Use saveMutation for user-driven writes. This escape hatch is only for system maintenance and bootstrap. [#DeprecatedDeclaration]
172 |     #expect(try DomainEventStore(databaseURL: url).events().filter { $0.type == "action.would_do" }.count == 2)
173 | 
174 |     _ = try policyStore.save(UserPolicy(
    |                         `- warning: 'save' is deprecated: Use saveMutation for user-driven writes. This escape hatch is only for system maintenance and bootstrap. [#DeprecatedDeclaration]
175 |         operatingMode: .autonomous,
176 |         automationPause: defaults.automationPause,

[#DeprecatedDeclaration]: <https://docs.swift.org/compiler/documentation/diagnostics/deprecated-declaration>
[244/344] Compiling ZoidCoachAppTests AgentLaunchServiceTests.swift
/private/tmp/zoid-integrate-zc037-compact-helper/Tests/ZoidCoachAppTests/ActionOutboxStoreTests.swift:145:25: warning: 'save' is deprecated: Use saveMutation for user-driven writes. This escape hatch is only for system maintenance and bootstrap. [#DeprecatedDeclaration]
143 |     let policyStore = try PolicyStore(databaseURL: url)
144 |     let defaults = UserPolicy.defaults(timeZoneIdentifier: "Africa/Cairo")
145 |     _ = try policyStore.save(UserPolicy(
    |                         `- warning: 'save' is deprecated: Use saveMutation for user-driven writes. This escape hatch is only for system maintenance and bootstrap. [#DeprecatedDeclaration]
146 |         operatingMode: .observe,
147 |         automationPause: defaults.automationPause,

/private/tmp/zoid-integrate-zc037-compact-helper/Tests/ZoidCoachAppTests/ActionOutboxStoreTests.swift:174:25: warning: 'save' is deprecated: Use saveMutation for user-driven writes. This escape hatch is only for system maintenance and bootstrap. [#DeprecatedDeclaration]
172 |     #expect(try DomainEventStore(databaseURL: url).events().filter { $0.type == "action.would_do" }.count == 2)
173 | 
174 |     _ = try policyStore.save(UserPolicy(
    |                         `- warning: 'save' is deprecated: Use saveMutation for user-driven writes. This escape hatch is only for system maintenance and bootstrap. [#DeprecatedDeclaration]
175 |         operatingMode: .autonomous,
176 |         automationPause: defaults.automationPause,

[#DeprecatedDeclaration]: <https://docs.swift.org/compiler/documentation/diagnostics/deprecated-declaration>
[245/344] Compiling ZoidCoachAppTests AgentLifecycleControllerTests.swift
/private/tmp/zoid-integrate-zc037-compact-helper/Tests/ZoidCoachAppTests/ActionOutboxStoreTests.swift:145:25: warning: 'save' is deprecated: Use saveMutation for user-driven writes. This escape hatch is only for system maintenance and bootstrap. [#DeprecatedDeclaration]
143 |     let policyStore = try PolicyStore(databaseURL: url)
144 |     let defaults = UserPolicy.defaults(timeZoneIdentifier: "Africa/Cairo")
145 |     _ = try policyStore.save(UserPolicy(
    |                         `- warning: 'save' is deprecated: Use saveMutation for user-driven writes. This escape hatch is only for system maintenance and bootstrap. [#DeprecatedDeclaration]
146 |         operatingMode: .observe,
147 |         automationPause: defaults.automationPause,

/private/tmp/zoid-integrate-zc037-compact-helper/Tests/ZoidCoachAppTests/ActionOutboxStoreTests.swift:174:25: warning: 'save' is deprecated: Use saveMutation for user-driven writes. This escape hatch is only for system maintenance and bootstrap. [#DeprecatedDeclaration]
172 |     #expect(try DomainEventStore(databaseURL: url).events().filter { $0.type == "action.would_do" }.count == 2)
173 | 
174 |     _ = try policyStore.save(UserPolicy(
    |                         `- warning: 'save' is deprecated: Use saveMutation for user-driven writes. This escape hatch is only for system maintenance and bootstrap. [#DeprecatedDeclaration]
175 |         operatingMode: .autonomous,
176 |         automationPause: defaults.automationPause,

[#DeprecatedDeclaration]: <https://docs.swift.org/compiler/documentation/diagnostics/deprecated-declaration>
[246/344] Compiling ZoidCoachAppTests AgentLivenessPolicyTests.swift
/private/tmp/zoid-integrate-zc037-compact-helper/Tests/ZoidCoachAppTests/ActionOutboxStoreTests.swift:145:25: warning: 'save' is deprecated: Use saveMutation for user-driven writes. This escape hatch is only for system maintenance and bootstrap. [#DeprecatedDeclaration]
143 |     let policyStore = try PolicyStore(databaseURL: url)
144 |     let defaults = UserPolicy.defaults(timeZoneIdentifier: "Africa/Cairo")
145 |     _ = try policyStore.save(UserPolicy(
    |                         `- warning: 'save' is deprecated: Use saveMutation for user-driven writes. This escape hatch is only for system maintenance and bootstrap. [#DeprecatedDeclaration]
146 |         operatingMode: .observe,
147 |         automationPause: defaults.automationPause,

/private/tmp/zoid-integrate-zc037-compact-helper/Tests/ZoidCoachAppTests/ActionOutboxStoreTests.swift:174:25: warning: 'save' is deprecated: Use saveMutation for user-driven writes. This escape hatch is only for system maintenance and bootstrap. [#DeprecatedDeclaration]
172 |     #expect(try DomainEventStore(databaseURL: url).events().filter { $0.type == "action.would_do" }.count == 2)
173 | 
174 |     _ = try policyStore.save(UserPolicy(
    |                         `- warning: 'save' is deprecated: Use saveMutation for user-driven writes. This escape hatch is only for system maintenance and bootstrap. [#DeprecatedDeclaration]
175 |         operatingMode: .autonomous,
176 |         automationPause: defaults.automationPause,

[#DeprecatedDeclaration]: <https://docs.swift.org/compiler/documentation/diagnostics/deprecated-declaration>
[247/344] Compiling ZoidCoachAppTests AgentMutationRouterTests.swift
/private/tmp/zoid-integrate-zc037-compact-helper/Tests/ZoidCoachAppTests/ActionOutboxStoreTests.swift:145:25: warning: 'save' is deprecated: Use saveMutation for user-driven writes. This escape hatch is only for system maintenance and bootstrap. [#DeprecatedDeclaration]
143 |     let policyStore = try PolicyStore(databaseURL: url)
144 |     let defaults = UserPolicy.defaults(timeZoneIdentifier: "Africa/Cairo")
145 |     _ = try policyStore.save(UserPolicy(
    |                         `- warning: 'save' is deprecated: Use saveMutation for user-driven writes. This escape hatch is only for system maintenance and bootstrap. [#DeprecatedDeclaration]
146 |         operatingMode: .observe,
147 |         automationPause: defaults.automationPause,

/private/tmp/zoid-integrate-zc037-compact-helper/Tests/ZoidCoachAppTests/ActionOutboxStoreTests.swift:174:25: warning: 'save' is deprecated: Use saveMutation for user-driven writes. This escape hatch is only for system maintenance and bootstrap. [#DeprecatedDeclaration]
172 |     #expect(try DomainEventStore(databaseURL: url).events().filter { $0.type == "action.would_do" }.count == 2)
173 | 
174 |     _ = try policyStore.save(UserPolicy(
    |                         `- warning: 'save' is deprecated: Use saveMutation for user-driven writes. This escape hatch is only for system maintenance and bootstrap. [#DeprecatedDeclaration]
175 |         operatingMode: .autonomous,
176 |         automationPause: defaults.automationPause,

[#DeprecatedDeclaration]: <https://docs.swift.org/compiler/documentation/diagnostics/deprecated-declaration>
[248/344] Compiling ZoidCoachAppTests AgentOSAdapterBoundaryTests.swift
/private/tmp/zoid-integrate-zc037-compact-helper/Tests/ZoidCoachAppTests/ActionOutboxStoreTests.swift:145:25: warning: 'save' is deprecated: Use saveMutation for user-driven writes. This escape hatch is only for system maintenance and bootstrap. [#DeprecatedDeclaration]
143 |     let policyStore = try PolicyStore(databaseURL: url)
144 |     let defaults = UserPolicy.defaults(timeZoneIdentifier: "Africa/Cairo")
145 |     _ = try policyStore.save(UserPolicy(
    |                         `- warning: 'save' is deprecated: Use saveMutation for user-driven writes. This escape hatch is only for system maintenance and bootstrap. [#DeprecatedDeclaration]
146 |         operatingMode: .observe,
147 |         automationPause: defaults.automationPause,

/private/tmp/zoid-integrate-zc037-compact-helper/Tests/ZoidCoachAppTests/ActionOutboxStoreTests.swift:174:25: warning: 'save' is deprecated: Use saveMutation for user-driven writes. This escape hatch is only for system maintenance and bootstrap. [#DeprecatedDeclaration]
172 |     #expect(try DomainEventStore(databaseURL: url).events().filter { $0.type == "action.would_do" }.count == 2)
173 | 
174 |     _ = try policyStore.save(UserPolicy(
    |                         `- warning: 'save' is deprecated: Use saveMutation for user-driven writes. This escape hatch is only for system maintenance and bootstrap. [#DeprecatedDeclaration]
175 |         operatingMode: .autonomous,
176 |         automationPause: defaults.automationPause,

[#DeprecatedDeclaration]: <https://docs.swift.org/compiler/documentation/diagnostics/deprecated-declaration>
[249/344] Compiling ZoidCoachAppTests AgentPlanSchedulerTests.swift
/private/tmp/zoid-integrate-zc037-compact-helper/Tests/ZoidCoachAppTests/ActionOutboxStoreTests.swift:145:25: warning: 'save' is deprecated: Use saveMutation for user-driven writes. This escape hatch is only for system maintenance and bootstrap. [#DeprecatedDeclaration]
143 |     let policyStore = try PolicyStore(databaseURL: url)
144 |     let defaults = UserPolicy.defaults(timeZoneIdentifier: "Africa/Cairo")
145 |     _ = try policyStore.save(UserPolicy(
    |                         `- warning: 'save' is deprecated: Use saveMutation for user-driven writes. This escape hatch is only for system maintenance and bootstrap. [#DeprecatedDeclaration]
146 |         operatingMode: .observe,
147 |         automationPause: defaults.automationPause,

/private/tmp/zoid-integrate-zc037-compact-helper/Tests/ZoidCoachAppTests/ActionOutboxStoreTests.swift:174:25: warning: 'save' is deprecated: Use saveMutation for user-driven writes. This escape hatch is only for system maintenance and bootstrap. [#DeprecatedDeclaration]
172 |     #expect(try DomainEventStore(databaseURL: url).events().filter { $0.type == "action.would_do" }.count == 2)
173 | 
174 |     _ = try policyStore.save(UserPolicy(
    |                         `- warning: 'save' is deprecated: Use saveMutation for user-driven writes. This escape hatch is only for system maintenance and bootstrap. [#DeprecatedDeclaration]
175 |         operatingMode: .autonomous,
176 |         automationPause: defaults.automationPause,

[#DeprecatedDeclaration]: <https://docs.swift.org/compiler/documentation/diagnostics/deprecated-declaration>
[250/344] Compiling ZoidCoachAppTests SourceRepairGuidanceTests.swift
/private/tmp/zoid-integrate-zc037-compact-helper/Tests/ZoidCoachAppTests/TimeZonePlanMoveInspectorTests.swift:56:51: warning: 'save' is deprecated: Use saveMutation for user-driven writes. This escape hatch is only for system maintenance and bootstrap. [#DeprecatedDeclaration]
 54 |         }
 55 |     }
 56 |     _ = try PolicyStore(databaseURL: databaseURL).save(.defaults(timeZoneIdentifier: "UTC"))
    |                                                   `- warning: 'save' is deprecated: Use saveMutation for user-driven writes. This escape hatch is only for system maintenance and bootstrap. [#DeprecatedDeclaration]
 57 |     let inspector = TimeZonePlanMoveInspector(databaseURL: databaseURL)
 58 |     let midday = try #require(ISO8601DateFormatter().date(from: "2026-07-14T12:00:00Z"))

[#DeprecatedDeclaration]: <https://docs.swift.org/compiler/documentation/diagnostics/deprecated-declaration>
[251/344] Compiling ZoidCoachAppTests SourceSnapshotStoreTests.swift
/private/tmp/zoid-integrate-zc037-compact-helper/Tests/ZoidCoachAppTests/TimeZonePlanMoveInspectorTests.swift:56:51: warning: 'save' is deprecated: Use saveMutation for user-driven writes. This escape hatch is only for system maintenance and bootstrap. [#DeprecatedDeclaration]
 54 |         }
 55 |     }
 56 |     _ = try PolicyStore(databaseURL: databaseURL).save(.defaults(timeZoneIdentifier: "UTC"))
    |                                                   `- warning: 'save' is deprecated: Use saveMutation for user-driven writes. This escape hatch is only for system maintenance and bootstrap. [#DeprecatedDeclaration]
 57 |     let inspector = TimeZonePlanMoveInspector(databaseURL: databaseURL)
 58 |     let midday = try #require(ISO8601DateFormatter().date(from: "2026-07-14T12:00:00Z"))

[#DeprecatedDeclaration]: <https://docs.swift.org/compiler/documentation/diagnostics/deprecated-declaration>
[252/344] Compiling ZoidCoachAppTests StructuredGenerationProviderTests.swift
/private/tmp/zoid-integrate-zc037-compact-helper/Tests/ZoidCoachAppTests/TimeZonePlanMoveInspectorTests.swift:56:51: warning: 'save' is deprecated: Use saveMutation for user-driven writes. This escape hatch is only for system maintenance and bootstrap. [#DeprecatedDeclaration]
 54 |         }
 55 |     }
 56 |     _ = try PolicyStore(databaseURL: databaseURL).save(.defaults(timeZoneIdentifier: "UTC"))
    |                                                   `- warning: 'save' is deprecated: Use saveMutation for user-driven writes. This escape hatch is only for system maintenance and bootstrap. [#DeprecatedDeclaration]
 57 |     let inspector = TimeZonePlanMoveInspector(databaseURL: databaseURL)
 58 |     let midday = try #require(ISO8601DateFormatter().date(from: "2026-07-14T12:00:00Z"))

[#DeprecatedDeclaration]: <https://docs.swift.org/compiler/documentation/diagnostics/deprecated-declaration>
[253/344] Compiling ZoidCoachAppTests SumiThemeTests.swift
/private/tmp/zoid-integrate-zc037-compact-helper/Tests/ZoidCoachAppTests/TimeZonePlanMoveInspectorTests.swift:56:51: warning: 'save' is deprecated: Use saveMutation for user-driven writes. This escape hatch is only for system maintenance and bootstrap. [#DeprecatedDeclaration]
 54 |         }
 55 |     }
 56 |     _ = try PolicyStore(databaseURL: databaseURL).save(.defaults(timeZoneIdentifier: "UTC"))
    |                                                   `- warning: 'save' is deprecated: Use saveMutation for user-driven writes. This escape hatch is only for system maintenance and bootstrap. [#DeprecatedDeclaration]
 57 |     let inspector = TimeZonePlanMoveInspector(databaseURL: databaseURL)
 58 |     let midday = try #require(ISO8601DateFormatter().date(from: "2026-07-14T12:00:00Z"))

[#DeprecatedDeclaration]: <https://docs.swift.org/compiler/documentation/diagnostics/deprecated-declaration>
[254/344] Compiling ZoidCoachAppTests TaskEstimateInputTests.swift
/private/tmp/zoid-integrate-zc037-compact-helper/Tests/ZoidCoachAppTests/TimeZonePlanMoveInspectorTests.swift:56:51: warning: 'save' is deprecated: Use saveMutation for user-driven writes. This escape hatch is only for system maintenance and bootstrap. [#DeprecatedDeclaration]
 54 |         }
 55 |     }
 56 |     _ = try PolicyStore(databaseURL: databaseURL).save(.defaults(timeZoneIdentifier: "UTC"))
    |                                                   `- warning: 'save' is deprecated: Use saveMutation for user-driven writes. This escape hatch is only for system maintenance and bootstrap. [#DeprecatedDeclaration]
 57 |     let inspector = TimeZonePlanMoveInspector(databaseURL: databaseURL)
 58 |     let midday = try #require(ISO8601DateFormatter().date(from: "2026-07-14T12:00:00Z"))

[#DeprecatedDeclaration]: <https://docs.swift.org/compiler/documentation/diagnostics/deprecated-declaration>
[255/344] Compiling ZoidCoachAppTests TaskEstimateProgressTests.swift
/private/tmp/zoid-integrate-zc037-compact-helper/Tests/ZoidCoachAppTests/TimeZonePlanMoveInspectorTests.swift:56:51: warning: 'save' is deprecated: Use saveMutation for user-driven writes. This escape hatch is only for system maintenance and bootstrap. [#DeprecatedDeclaration]
 54 |         }
 55 |     }
 56 |     _ = try PolicyStore(databaseURL: databaseURL).save(.defaults(timeZoneIdentifier: "UTC"))
    |                                                   `- warning: 'save' is deprecated: Use saveMutation for user-driven writes. This escape hatch is only for system maintenance and bootstrap. [#DeprecatedDeclaration]
 57 |     let inspector = TimeZonePlanMoveInspector(databaseURL: databaseURL)
 58 |     let midday = try #require(ISO8601DateFormatter().date(from: "2026-07-14T12:00:00Z"))

[#DeprecatedDeclaration]: <https://docs.swift.org/compiler/documentation/diagnostics/deprecated-declaration>
[256/344] Compiling ZoidCoachAppTests TaskExecutionStoreTests.swift
/private/tmp/zoid-integrate-zc037-compact-helper/Tests/ZoidCoachAppTests/TimeZonePlanMoveInspectorTests.swift:56:51: warning: 'save' is deprecated: Use saveMutation for user-driven writes. This escape hatch is only for system maintenance and bootstrap. [#DeprecatedDeclaration]
 54 |         }
 55 |     }
 56 |     _ = try PolicyStore(databaseURL: databaseURL).save(.defaults(timeZoneIdentifier: "UTC"))
    |                                                   `- warning: 'save' is deprecated: Use saveMutation for user-driven writes. This escape hatch is only for system maintenance and bootstrap. [#DeprecatedDeclaration]
 57 |     let inspector = TimeZonePlanMoveInspector(databaseURL: databaseURL)
 58 |     let midday = try #require(ISO8601DateFormatter().date(from: "2026-07-14T12:00:00Z"))

[#DeprecatedDeclaration]: <https://docs.swift.org/compiler/documentation/diagnostics/deprecated-declaration>
[257/344] Compiling ZoidCoachAppTests TaskHistoryStoreTests.swift
/private/tmp/zoid-integrate-zc037-compact-helper/Tests/ZoidCoachAppTests/TimeZonePlanMoveInspectorTests.swift:56:51: warning: 'save' is deprecated: Use saveMutation for user-driven writes. This escape hatch is only for system maintenance and bootstrap. [#DeprecatedDeclaration]
 54 |         }
 55 |     }
 56 |     _ = try PolicyStore(databaseURL: databaseURL).save(.defaults(timeZoneIdentifier: "UTC"))
    |                                                   `- warning: 'save' is deprecated: Use saveMutation for user-driven writes. This escape hatch is only for system maintenance and bootstrap. [#DeprecatedDeclaration]
 57 |     let inspector = TimeZonePlanMoveInspector(databaseURL: databaseURL)
 58 |     let midday = try #require(ISO8601DateFormatter().date(from: "2026-07-14T12:00:00Z"))

[#DeprecatedDeclaration]: <https://docs.swift.org/compiler/documentation/diagnostics/deprecated-declaration>
[258/344] Compiling ZoidCoachAppTests TaskKeyboardCommandsTests.swift
/private/tmp/zoid-integrate-zc037-compact-helper/Tests/ZoidCoachAppTests/TimeZonePlanMoveInspectorTests.swift:56:51: warning: 'save' is deprecated: Use saveMutation for user-driven writes. This escape hatch is only for system maintenance and bootstrap. [#DeprecatedDeclaration]
 54 |         }
 55 |     }
 56 |     _ = try PolicyStore(databaseURL: databaseURL).save(.defaults(timeZoneIdentifier: "UTC"))
    |                                                   `- warning: 'save' is deprecated: Use saveMutation for user-driven writes. This escape hatch is only for system maintenance and bootstrap. [#DeprecatedDeclaration]
 57 |     let inspector = TimeZonePlanMoveInspector(databaseURL: databaseURL)
 58 |     let midday = try #require(ISO8601DateFormatter().date(from: "2026-07-14T12:00:00Z"))

[#DeprecatedDeclaration]: <https://docs.swift.org/compiler/documentation/diagnostics/deprecated-declaration>
[259/344] Compiling ZoidCoachAppTests TaskMutationOperationStoreTests.swift
/private/tmp/zoid-integrate-zc037-compact-helper/Tests/ZoidCoachAppTests/TimeZonePlanMoveInspectorTests.swift:56:51: warning: 'save' is deprecated: Use saveMutation for user-driven writes. This escape hatch is only for system maintenance and bootstrap. [#DeprecatedDeclaration]
 54 |         }
 55 |     }
 56 |     _ = try PolicyStore(databaseURL: databaseURL).save(.defaults(timeZoneIdentifier: "UTC"))
    |                                                   `- warning: 'save' is deprecated: Use saveMutation for user-driven writes. This escape hatch is only for system maintenance and bootstrap. [#DeprecatedDeclaration]
 57 |     let inspector = TimeZonePlanMoveInspector(databaseURL: databaseURL)
 58 |     let midday = try #require(ISO8601DateFormatter().date(from: "2026-07-14T12:00:00Z"))

[#DeprecatedDeclaration]: <https://docs.swift.org/compiler/documentation/diagnostics/deprecated-declaration>
[260/344] Compiling ZoidCoachAppTests TaskRescheduleStateTests.swift
/private/tmp/zoid-integrate-zc037-compact-helper/Tests/ZoidCoachAppTests/TimeZonePlanMoveInspectorTests.swift:56:51: warning: 'save' is deprecated: Use saveMutation for user-driven writes. This escape hatch is only for system maintenance and bootstrap. [#DeprecatedDeclaration]
 54 |         }
 55 |     }
 56 |     _ = try PolicyStore(databaseURL: databaseURL).save(.defaults(timeZoneIdentifier: "UTC"))
    |                                                   `- warning: 'save' is deprecated: Use saveMutation for user-driven writes. This escape hatch is only for system maintenance and bootstrap. [#DeprecatedDeclaration]
 57 |     let inspector = TimeZonePlanMoveInspector(databaseURL: databaseURL)
 58 |     let midday = try #require(ISO8601DateFormatter().date(from: "2026-07-14T12:00:00Z"))

[#DeprecatedDeclaration]: <https://docs.swift.org/compiler/documentation/diagnostics/deprecated-declaration>
[261/344] Compiling ZoidCoachAppTests TimeZonePlanMoveInspectorTests.swift
/private/tmp/zoid-integrate-zc037-compact-helper/Tests/ZoidCoachAppTests/TimeZonePlanMoveInspectorTests.swift:56:51: warning: 'save' is deprecated: Use saveMutation for user-driven writes. This escape hatch is only for system maintenance and bootstrap. [#DeprecatedDeclaration]
 54 |         }
 55 |     }
 56 |     _ = try PolicyStore(databaseURL: databaseURL).save(.defaults(timeZoneIdentifier: "UTC"))
    |                                                   `- warning: 'save' is deprecated: Use saveMutation for user-driven writes. This escape hatch is only for system maintenance and bootstrap. [#DeprecatedDeclaration]
 57 |     let inspector = TimeZonePlanMoveInspector(databaseURL: databaseURL)
 58 |     let midday = try #require(ISO8601DateFormatter().date(from: "2026-07-14T12:00:00Z"))

[#DeprecatedDeclaration]: <https://docs.swift.org/compiler/documentation/diagnostics/deprecated-declaration>
[262/344] Compiling ZoidCoachAppTests TodayDashboardAgentTests.swift
/private/tmp/zoid-integrate-zc037-compact-helper/Tests/ZoidCoachAppTests/TimeZonePlanMoveInspectorTests.swift:56:51: warning: 'save' is deprecated: Use saveMutation for user-driven writes. This escape hatch is only for system maintenance and bootstrap. [#DeprecatedDeclaration]
 54 |         }
 55 |     }
 56 |     _ = try PolicyStore(databaseURL: databaseURL).save(.defaults(timeZoneIdentifier: "UTC"))
    |                                                   `- warning: 'save' is deprecated: Use saveMutation for user-driven writes. This escape hatch is only for system maintenance and bootstrap. [#DeprecatedDeclaration]
 57 |     let inspector = TimeZonePlanMoveInspector(databaseURL: databaseURL)
 58 |     let midday = try #require(ISO8601DateFormatter().date(from: "2026-07-14T12:00:00Z"))

[#DeprecatedDeclaration]: <https://docs.swift.org/compiler/documentation/diagnostics/deprecated-declaration>
[263/344] Emitting module ZoidCoachAppTests
[264/357] Compiling ZoidCoachAppTests NotificationDeliveryLedgerTests.swift
/private/tmp/zoid-integrate-zc037-compact-helper/Tests/ZoidCoachAppTests/OnboardingProgressStoreHardeningTests.swift:18:17: warning: no calls to throwing functions occur within 'try' expression
  16 |         processEnvironment: [:]
  17 |     ).environment
  18 |     let store = try OnboardingProgressStore(runtimeEnvironment: runtime)
     |                 `- warning: no calls to throwing functions occur within 'try' expression
  19 | 
  20 |     let saved = try store.save(OnboardingProgress())

/private/tmp/zoid-integrate-zc037-compact-helper/Tests/ZoidCoachAppTests/PolicyStoreTests.swift:15:27: warning: 'save' is deprecated: Use saveMutation for user-driven writes. This escape hatch is only for system maintenance and bootstrap. [#DeprecatedDeclaration]
 13 |     let store = try PolicyStore(databaseURL: databaseURL, now: { clock })
 14 | 
 15 |     let first = try store.save(policy(mode: .fullyAutomatic))
    |                           `- warning: 'save' is deprecated: Use saveMutation for user-driven writes. This escape hatch is only for system maintenance and bootstrap. [#DeprecatedDeclaration]
 16 |     let second = try store.save(policy(mode: .approvalRequired))
 17 | 

/private/tmp/zoid-integrate-zc037-compact-helper/Tests/ZoidCoachAppTests/PolicyStoreTests.swift:16:28: warning: 'save' is deprecated: Use saveMutation for user-driven writes. This escape hatch is only for system maintenance and bootstrap. [#DeprecatedDeclaration]
 14 | 
 15 |     let first = try store.save(policy(mode: .fullyAutomatic))
 16 |     let second = try store.save(policy(mode: .approvalRequired))
    |                            `- warning: 'save' is deprecated: Use saveMutation for user-driven writes. This escape hatch is only for system maintenance and bootstrap. [#DeprecatedDeclaration]
 17 | 
 18 |     #expect(first.version == 1)

/private/tmp/zoid-integrate-zc037-compact-helper/Tests/ZoidCoachAppTests/PolicyStoreTests.swift:28:27: warning: 'save' is deprecated: Use saveMutation for user-driven writes. This escape hatch is only for system maintenance and bootstrap. [#DeprecatedDeclaration]
 26 |     #expect(try store.current() == rolledBack)
 27 | 
 28 |     let third = try store.save(policy(mode: .suggestionsOnly))
    |                           `- warning: 'save' is deprecated: Use saveMutation for user-driven writes. This escape hatch is only for system maintenance and bootstrap. [#DeprecatedDeclaration]
 29 |     #expect(third.version == 4)
 30 | }

/private/tmp/zoid-integrate-zc037-compact-helper/Tests/ZoidCoachAppTests/PolicyStoreTests.swift:38:34: warning: 'save' is deprecated: Use saveMutation for user-driven writes. This escape hatch is only for system maintenance and bootstrap. [#DeprecatedDeclaration]
 36 |     let firstStore = try PolicyStore(databaseURL: databaseURL)
 37 |     let secondStore = try PolicyStore(databaseURL: databaseURL)
 38 |     let initial = try firstStore.save(policy(mode: .observe))
    |                                  `- warning: 'save' is deprecated: Use saveMutation for user-driven writes. This escape hatch is only for system maintenance and bootstrap. [#DeprecatedDeclaration]
 39 |     let request = PolicyMutationRequest(
 40 |         requestID: "settings-policy-v1:001",

/private/tmp/zoid-integrate-zc037-compact-helper/Tests/ZoidCoachAppTests/PolicyStoreTests.swift:74:29: warning: 'save' is deprecated: Use saveMutation for user-driven writes. This escape hatch is only for system maintenance and bootstrap. [#DeprecatedDeclaration]
 72 |     defer { removePolicyDatabaseFiles(at: databaseURL) }
 73 |     let store = try PolicyStore(databaseURL: databaseURL)
 74 |     let initial = try store.save(policy(mode: .observe))
    |                             `- warning: 'save' is deprecated: Use saveMutation for user-driven writes. This escape hatch is only for system maintenance and bootstrap. [#DeprecatedDeclaration]
 75 |     let first = try onboardingPolicyRequest(
 76 |         flowID: "flow",

/private/tmp/zoid-integrate-zc037-compact-helper/Tests/ZoidCoachAppTests/PolicyStoreTests.swift:260:19: warning: 'save' is deprecated: Use saveMutation for user-driven writes. This escape hatch is only for system maintenance and bootstrap. [#DeprecatedDeclaration]
258 |     let store = try PolicyStore(databaseURL: databaseURL, now: { clock.now })
259 | 
260 |     _ = try store.save(policy(classifyingSteamAs: .gaming))
    |                   `- warning: 'save' is deprecated: Use saveMutation for user-driven writes. This escape hatch is only for system maintenance and bootstrap. [#DeprecatedDeclaration]
261 |     clock.now = Date(timeIntervalSince1970: 1_700_000_600)
262 |     _ = try store.save(policy(classifyingSteamAs: .work))

/private/tmp/zoid-integrate-zc037-compact-helper/Tests/ZoidCoachAppTests/PolicyStoreTests.swift:262:19: warning: 'save' is deprecated: Use saveMutation for user-driven writes. This escape hatch is only for system maintenance and bootstrap. [#DeprecatedDeclaration]
260 |     _ = try store.save(policy(classifyingSteamAs: .gaming))
261 |     clock.now = Date(timeIntervalSince1970: 1_700_000_600)
262 |     _ = try store.save(policy(classifyingSteamAs: .work))
    |                   `- warning: 'save' is deprecated: Use saveMutation for user-driven writes. This escape hatch is only for system maintenance and bootstrap. [#DeprecatedDeclaration]
263 | 
264 |     let first = try #require(try store.effective(at: Date(timeIntervalSince1970: 1_700_000_300)))

/private/tmp/zoid-integrate-zc037-compact-helper/Tests/ZoidCoachAppTests/PolicyStoreTests.swift:282:23: warning: 'save' is deprecated: Use saveMutation for user-driven writes. This escape hatch is only for system maintenance and bootstrap. [#DeprecatedDeclaration]
280 |         let store = try PolicyStore(databaseURL: databaseURL)
281 |         #expect(try store.currentGamingPolicy() == .balanced)
282 |         _ = try store.save(original)
    |                       `- warning: 'save' is deprecated: Use saveMutation for user-driven writes. This escape hatch is only for system maintenance and bootstrap. [#DeprecatedDeclaration]
283 | 
284 |         let saved = try store.saveGamingPolicy(.firm)

[#DeprecatedDeclaration]: <https://docs.swift.org/compiler/documentation/diagnostics/deprecated-declaration>
[265/357] Compiling ZoidCoachAppTests NotificationPermissionRecoveryTests.swift
/private/tmp/zoid-integrate-zc037-compact-helper/Tests/ZoidCoachAppTests/OnboardingProgressStoreHardeningTests.swift:18:17: warning: no calls to throwing functions occur within 'try' expression
  16 |         processEnvironment: [:]
  17 |     ).environment
  18 |     let store = try OnboardingProgressStore(runtimeEnvironment: runtime)
     |                 `- warning: no calls to throwing functions occur within 'try' expression
  19 | 
  20 |     let saved = try store.save(OnboardingProgress())

/private/tmp/zoid-integrate-zc037-compact-helper/Tests/ZoidCoachAppTests/PolicyStoreTests.swift:15:27: warning: 'save' is deprecated: Use saveMutation for user-driven writes. This escape hatch is only for system maintenance and bootstrap. [#DeprecatedDeclaration]
 13 |     let store = try PolicyStore(databaseURL: databaseURL, now: { clock })
 14 | 
 15 |     let first = try store.save(policy(mode: .fullyAutomatic))
    |                           `- warning: 'save' is deprecated: Use saveMutation for user-driven writes. This escape hatch is only for system maintenance and bootstrap. [#DeprecatedDeclaration]
 16 |     let second = try store.save(policy(mode: .approvalRequired))
 17 | 

/private/tmp/zoid-integrate-zc037-compact-helper/Tests/ZoidCoachAppTests/PolicyStoreTests.swift:16:28: warning: 'save' is deprecated: Use saveMutation for user-driven writes. This escape hatch is only for system maintenance and bootstrap. [#DeprecatedDeclaration]
 14 | 
 15 |     let first = try store.save(policy(mode: .fullyAutomatic))
 16 |     let second = try store.save(policy(mode: .approvalRequired))
    |                            `- warning: 'save' is deprecated: Use saveMutation for user-driven writes. This escape hatch is only for system maintenance and bootstrap. [#DeprecatedDeclaration]
 17 | 
 18 |     #expect(first.version == 1)

/private/tmp/zoid-integrate-zc037-compact-helper/Tests/ZoidCoachAppTests/PolicyStoreTests.swift:28:27: warning: 'save' is deprecated: Use saveMutation for user-driven writes. This escape hatch is only for system maintenance and bootstrap. [#DeprecatedDeclaration]
 26 |     #expect(try store.current() == rolledBack)
 27 | 
 28 |     let third = try store.save(policy(mode: .suggestionsOnly))
    |                           `- warning: 'save' is deprecated: Use saveMutation for user-driven writes. This escape hatch is only for system maintenance and bootstrap. [#DeprecatedDeclaration]
 29 |     #expect(third.version == 4)
 30 | }

/private/tmp/zoid-integrate-zc037-compact-helper/Tests/ZoidCoachAppTests/PolicyStoreTests.swift:38:34: warning: 'save' is deprecated: Use saveMutation for user-driven writes. This escape hatch is only for system maintenance and bootstrap. [#DeprecatedDeclaration]
 36 |     let firstStore = try PolicyStore(databaseURL: databaseURL)
 37 |     let secondStore = try PolicyStore(databaseURL: databaseURL)
 38 |     let initial = try firstStore.save(policy(mode: .observe))
    |                                  `- warning: 'save' is deprecated: Use saveMutation for user-driven writes. This escape hatch is only for system maintenance and bootstrap. [#DeprecatedDeclaration]
 39 |     let request = PolicyMutationRequest(
 40 |         requestID: "settings-policy-v1:001",

/private/tmp/zoid-integrate-zc037-compact-helper/Tests/ZoidCoachAppTests/PolicyStoreTests.swift:74:29: warning: 'save' is deprecated: Use saveMutation for user-driven writes. This escape hatch is only for system maintenance and bootstrap. [#DeprecatedDeclaration]
 72 |     defer { removePolicyDatabaseFiles(at: databaseURL) }
 73 |     let store = try PolicyStore(databaseURL: databaseURL)
 74 |     let initial = try store.save(policy(mode: .observe))
    |                             `- warning: 'save' is deprecated: Use saveMutation for user-driven writes. This escape hatch is only for system maintenance and bootstrap. [#DeprecatedDeclaration]
 75 |     let first = try onboardingPolicyRequest(
 76 |         flowID: "flow",

/private/tmp/zoid-integrate-zc037-compact-helper/Tests/ZoidCoachAppTests/PolicyStoreTests.swift:260:19: warning: 'save' is deprecated: Use saveMutation for user-driven writes. This escape hatch is only for system maintenance and bootstrap. [#DeprecatedDeclaration]
258 |     let store = try PolicyStore(databaseURL: databaseURL, now: { clock.now })
259 | 
260 |     _ = try store.save(policy(classifyingSteamAs: .gaming))
    |                   `- warning: 'save' is deprecated: Use saveMutation for user-driven writes. This escape hatch is only for system maintenance and bootstrap. [#DeprecatedDeclaration]
261 |     clock.now = Date(timeIntervalSince1970: 1_700_000_600)
262 |     _ = try store.save(policy(classifyingSteamAs: .work))

/private/tmp/zoid-integrate-zc037-compact-helper/Tests/ZoidCoachAppTests/PolicyStoreTests.swift:262:19: warning: 'save' is deprecated: Use saveMutation for user-driven writes. This escape hatch is only for system maintenance and bootstrap. [#DeprecatedDeclaration]
260 |     _ = try store.save(policy(classifyingSteamAs: .gaming))
261 |     clock.now = Date(timeIntervalSince1970: 1_700_000_600)
262 |     _ = try store.save(policy(classifyingSteamAs: .work))
    |                   `- warning: 'save' is deprecated: Use saveMutation for user-driven writes. This escape hatch is only for system maintenance and bootstrap. [#DeprecatedDeclaration]
263 | 
264 |     let first = try #require(try store.effective(at: Date(timeIntervalSince1970: 1_700_000_300)))

/private/tmp/zoid-integrate-zc037-compact-helper/Tests/ZoidCoachAppTests/PolicyStoreTests.swift:282:23: warning: 'save' is deprecated: Use saveMutation for user-driven writes. This escape hatch is only for system maintenance and bootstrap. [#DeprecatedDeclaration]
280 |         let store = try PolicyStore(databaseURL: databaseURL)
281 |         #expect(try store.currentGamingPolicy() == .balanced)
282 |         _ = try store.save(original)
    |                       `- warning: 'save' is deprecated: Use saveMutation for user-driven writes. This escape hatch is only for system maintenance and bootstrap. [#DeprecatedDeclaration]
283 | 
284 |         let saved = try store.saveGamingPolicy(.firm)

[#DeprecatedDeclaration]: <https://docs.swift.org/compiler/documentation/diagnostics/deprecated-declaration>
[266/357] Compiling ZoidCoachAppTests NotificationPromptPreferenceTests.swift
/private/tmp/zoid-integrate-zc037-compact-helper/Tests/ZoidCoachAppTests/OnboardingProgressStoreHardeningTests.swift:18:17: warning: no calls to throwing functions occur within 'try' expression
  16 |         processEnvironment: [:]
  17 |     ).environment
  18 |     let store = try OnboardingProgressStore(runtimeEnvironment: runtime)
     |                 `- warning: no calls to throwing functions occur within 'try' expression
  19 | 
  20 |     let saved = try store.save(OnboardingProgress())

/private/tmp/zoid-integrate-zc037-compact-helper/Tests/ZoidCoachAppTests/PolicyStoreTests.swift:15:27: warning: 'save' is deprecated: Use saveMutation for user-driven writes. This escape hatch is only for system maintenance and bootstrap. [#DeprecatedDeclaration]
 13 |     let store = try PolicyStore(databaseURL: databaseURL, now: { clock })
 14 | 
 15 |     let first = try store.save(policy(mode: .fullyAutomatic))
    |                           `- warning: 'save' is deprecated: Use saveMutation for user-driven writes. This escape hatch is only for system maintenance and bootstrap. [#DeprecatedDeclaration]
 16 |     let second = try store.save(policy(mode: .approvalRequired))
 17 | 

/private/tmp/zoid-integrate-zc037-compact-helper/Tests/ZoidCoachAppTests/PolicyStoreTests.swift:16:28: warning: 'save' is deprecated: Use saveMutation for user-driven writes. This escape hatch is only for system maintenance and bootstrap. [#DeprecatedDeclaration]
 14 | 
 15 |     let first = try store.save(policy(mode: .fullyAutomatic))
 16 |     let second = try store.save(policy(mode: .approvalRequired))
    |                            `- warning: 'save' is deprecated: Use saveMutation for user-driven writes. This escape hatch is only for system maintenance and bootstrap. [#DeprecatedDeclaration]
 17 | 
 18 |     #expect(first.version == 1)

/private/tmp/zoid-integrate-zc037-compact-helper/Tests/ZoidCoachAppTests/PolicyStoreTests.swift:28:27: warning: 'save' is deprecated: Use saveMutation for user-driven writes. This escape hatch is only for system maintenance and bootstrap. [#DeprecatedDeclaration]
 26 |     #expect(try store.current() == rolledBack)
 27 | 
 28 |     let third = try store.save(policy(mode: .suggestionsOnly))
    |                           `- warning: 'save' is deprecated: Use saveMutation for user-driven writes. This escape hatch is only for system maintenance and bootstrap. [#DeprecatedDeclaration]
 29 |     #expect(third.version == 4)
 30 | }

/private/tmp/zoid-integrate-zc037-compact-helper/Tests/ZoidCoachAppTests/PolicyStoreTests.swift:38:34: warning: 'save' is deprecated: Use saveMutation for user-driven writes. This escape hatch is only for system maintenance and bootstrap. [#DeprecatedDeclaration]
 36 |     let firstStore = try PolicyStore(databaseURL: databaseURL)
 37 |     let secondStore = try PolicyStore(databaseURL: databaseURL)
 38 |     let initial = try firstStore.save(policy(mode: .observe))
    |                                  `- warning: 'save' is deprecated: Use saveMutation for user-driven writes. This escape hatch is only for system maintenance and bootstrap. [#DeprecatedDeclaration]
 39 |     let request = PolicyMutationRequest(
 40 |         requestID: "settings-policy-v1:001",

/private/tmp/zoid-integrate-zc037-compact-helper/Tests/ZoidCoachAppTests/PolicyStoreTests.swift:74:29: warning: 'save' is deprecated: Use saveMutation for user-driven writes. This escape hatch is only for system maintenance and bootstrap. [#DeprecatedDeclaration]
 72 |     defer { removePolicyDatabaseFiles(at: databaseURL) }
 73 |     let store = try PolicyStore(databaseURL: databaseURL)
 74 |     let initial = try store.save(policy(mode: .observe))
    |                             `- warning: 'save' is deprecated: Use saveMutation for user-driven writes. This escape hatch is only for system maintenance and bootstrap. [#DeprecatedDeclaration]
 75 |     let first = try onboardingPolicyRequest(
 76 |         flowID: "flow",

/private/tmp/zoid-integrate-zc037-compact-helper/Tests/ZoidCoachAppTests/PolicyStoreTests.swift:260:19: warning: 'save' is deprecated: Use saveMutation for user-driven writes. This escape hatch is only for system maintenance and bootstrap. [#DeprecatedDeclaration]
258 |     let store = try PolicyStore(databaseURL: databaseURL, now: { clock.now })
259 | 
260 |     _ = try store.save(policy(classifyingSteamAs: .gaming))
    |                   `- warning: 'save' is deprecated: Use saveMutation for user-driven writes. This escape hatch is only for system maintenance and bootstrap. [#DeprecatedDeclaration]
261 |     clock.now = Date(timeIntervalSince1970: 1_700_000_600)
262 |     _ = try store.save(policy(classifyingSteamAs: .work))

/private/tmp/zoid-integrate-zc037-compact-helper/Tests/ZoidCoachAppTests/PolicyStoreTests.swift:262:19: warning: 'save' is deprecated: Use saveMutation for user-driven writes. This escape hatch is only for system maintenance and bootstrap. [#DeprecatedDeclaration]
260 |     _ = try store.save(policy(classifyingSteamAs: .gaming))
261 |     clock.now = Date(timeIntervalSince1970: 1_700_000_600)
262 |     _ = try store.save(policy(classifyingSteamAs: .work))
    |                   `- warning: 'save' is deprecated: Use saveMutation for user-driven writes. This escape hatch is only for system maintenance and bootstrap. [#DeprecatedDeclaration]
263 | 
264 |     let first = try #require(try store.effective(at: Date(timeIntervalSince1970: 1_700_000_300)))

/private/tmp/zoid-integrate-zc037-compact-helper/Tests/ZoidCoachAppTests/PolicyStoreTests.swift:282:23: warning: 'save' is deprecated: Use saveMutation for user-driven writes. This escape hatch is only for system maintenance and bootstrap. [#DeprecatedDeclaration]
280 |         let store = try PolicyStore(databaseURL: databaseURL)
281 |         #expect(try store.currentGamingPolicy() == .balanced)
282 |         _ = try store.save(original)
    |                       `- warning: 'save' is deprecated: Use saveMutation for user-driven writes. This escape hatch is only for system maintenance and bootstrap. [#DeprecatedDeclaration]
283 | 
284 |         let saved = try store.saveGamingPolicy(.firm)

[#DeprecatedDeclaration]: <https://docs.swift.org/compiler/documentation/diagnostics/deprecated-declaration>
[267/357] Compiling ZoidCoachAppTests OnboardingCoordinatorTests.swift
/private/tmp/zoid-integrate-zc037-compact-helper/Tests/ZoidCoachAppTests/OnboardingProgressStoreHardeningTests.swift:18:17: warning: no calls to throwing functions occur within 'try' expression
  16 |         processEnvironment: [:]
  17 |     ).environment
  18 |     let store = try OnboardingProgressStore(runtimeEnvironment: runtime)
     |                 `- warning: no calls to throwing functions occur within 'try' expression
  19 | 
  20 |     let saved = try store.save(OnboardingProgress())

/private/tmp/zoid-integrate-zc037-compact-helper/Tests/ZoidCoachAppTests/PolicyStoreTests.swift:15:27: warning: 'save' is deprecated: Use saveMutation for user-driven writes. This escape hatch is only for system maintenance and bootstrap. [#DeprecatedDeclaration]
 13 |     let store = try PolicyStore(databaseURL: databaseURL, now: { clock })
 14 | 
 15 |     let first = try store.save(policy(mode: .fullyAutomatic))
    |                           `- warning: 'save' is deprecated: Use saveMutation for user-driven writes. This escape hatch is only for system maintenance and bootstrap. [#DeprecatedDeclaration]
 16 |     let second = try store.save(policy(mode: .approvalRequired))
 17 | 

/private/tmp/zoid-integrate-zc037-compact-helper/Tests/ZoidCoachAppTests/PolicyStoreTests.swift:16:28: warning: 'save' is deprecated: Use saveMutation for user-driven writes. This escape hatch is only for system maintenance and bootstrap. [#DeprecatedDeclaration]
 14 | 
 15 |     let first = try store.save(policy(mode: .fullyAutomatic))
 16 |     let second = try store.save(policy(mode: .approvalRequired))
    |                            `- warning: 'save' is deprecated: Use saveMutation for user-driven writes. This escape hatch is only for system maintenance and bootstrap. [#DeprecatedDeclaration]
 17 | 
 18 |     #expect(first.version == 1)

/private/tmp/zoid-integrate-zc037-compact-helper/Tests/ZoidCoachAppTests/PolicyStoreTests.swift:28:27: warning: 'save' is deprecated: Use saveMutation for user-driven writes. This escape hatch is only for system maintenance and bootstrap. [#DeprecatedDeclaration]
 26 |     #expect(try store.current() == rolledBack)
 27 | 
 28 |     let third = try store.save(policy(mode: .suggestionsOnly))
    |                           `- warning: 'save' is deprecated: Use saveMutation for user-driven writes. This escape hatch is only for system maintenance and bootstrap. [#DeprecatedDeclaration]
 29 |     #expect(third.version == 4)
 30 | }

/private/tmp/zoid-integrate-zc037-compact-helper/Tests/ZoidCoachAppTests/PolicyStoreTests.swift:38:34: warning: 'save' is deprecated: Use saveMutation for user-driven writes. This escape hatch is only for system maintenance and bootstrap. [#DeprecatedDeclaration]
 36 |     let firstStore = try PolicyStore(databaseURL: databaseURL)
 37 |     let secondStore = try PolicyStore(databaseURL: databaseURL)
 38 |     let initial = try firstStore.save(policy(mode: .observe))
    |                                  `- warning: 'save' is deprecated: Use saveMutation for user-driven writes. This escape hatch is only for system maintenance and bootstrap. [#DeprecatedDeclaration]
 39 |     let request = PolicyMutationRequest(
 40 |         requestID: "settings-policy-v1:001",

/private/tmp/zoid-integrate-zc037-compact-helper/Tests/ZoidCoachAppTests/PolicyStoreTests.swift:74:29: warning: 'save' is deprecated: Use saveMutation for user-driven writes. This escape hatch is only for system maintenance and bootstrap. [#DeprecatedDeclaration]
 72 |     defer { removePolicyDatabaseFiles(at: databaseURL) }
 73 |     let store = try PolicyStore(databaseURL: databaseURL)
 74 |     let initial = try store.save(policy(mode: .observe))
    |                             `- warning: 'save' is deprecated: Use saveMutation for user-driven writes. This escape hatch is only for system maintenance and bootstrap. [#DeprecatedDeclaration]
 75 |     let first = try onboardingPolicyRequest(
 76 |         flowID: "flow",

/private/tmp/zoid-integrate-zc037-compact-helper/Tests/ZoidCoachAppTests/PolicyStoreTests.swift:260:19: warning: 'save' is deprecated: Use saveMutation for user-driven writes. This escape hatch is only for system maintenance and bootstrap. [#DeprecatedDeclaration]
258 |     let store = try PolicyStore(databaseURL: databaseURL, now: { clock.now })
259 | 
260 |     _ = try store.save(policy(classifyingSteamAs: .gaming))
    |                   `- warning: 'save' is deprecated: Use saveMutation for user-driven writes. This escape hatch is only for system maintenance and bootstrap. [#DeprecatedDeclaration]
261 |     clock.now = Date(timeIntervalSince1970: 1_700_000_600)
262 |     _ = try store.save(policy(classifyingSteamAs: .work))

/private/tmp/zoid-integrate-zc037-compact-helper/Tests/ZoidCoachAppTests/PolicyStoreTests.swift:262:19: warning: 'save' is deprecated: Use saveMutation for user-driven writes. This escape hatch is only for system maintenance and bootstrap. [#DeprecatedDeclaration]
260 |     _ = try store.save(policy(classifyingSteamAs: .gaming))
261 |     clock.now = Date(timeIntervalSince1970: 1_700_000_600)
262 |     _ = try store.save(policy(classifyingSteamAs: .work))
    |                   `- warning: 'save' is deprecated: Use saveMutation for user-driven writes. This escape hatch is only for system maintenance and bootstrap. [#DeprecatedDeclaration]
263 | 
264 |     let first = try #require(try store.effective(at: Date(timeIntervalSince1970: 1_700_000_300)))

/private/tmp/zoid-integrate-zc037-compact-helper/Tests/ZoidCoachAppTests/PolicyStoreTests.swift:282:23: warning: 'save' is deprecated: Use saveMutation for user-driven writes. This escape hatch is only for system maintenance and bootstrap. [#DeprecatedDeclaration]
280 |         let store = try PolicyStore(databaseURL: databaseURL)
281 |         #expect(try store.currentGamingPolicy() == .balanced)
282 |         _ = try store.save(original)
    |                       `- warning: 'save' is deprecated: Use saveMutation for user-driven writes. This escape hatch is only for system maintenance and bootstrap. [#DeprecatedDeclaration]
283 | 
284 |         let saved = try store.saveGamingPolicy(.firm)

[#DeprecatedDeclaration]: <https://docs.swift.org/compiler/documentation/diagnostics/deprecated-declaration>
[268/357] Compiling ZoidCoachAppTests OnboardingFirstDailyPlanServiceTests.swift
/private/tmp/zoid-integrate-zc037-compact-helper/Tests/ZoidCoachAppTests/OnboardingProgressStoreHardeningTests.swift:18:17: warning: no calls to throwing functions occur within 'try' expression
  16 |         processEnvironment: [:]
  17 |     ).environment
  18 |     let store = try OnboardingProgressStore(runtimeEnvironment: runtime)
     |                 `- warning: no calls to throwing functions occur within 'try' expression
  19 | 
  20 |     let saved = try store.save(OnboardingProgress())

/private/tmp/zoid-integrate-zc037-compact-helper/Tests/ZoidCoachAppTests/PolicyStoreTests.swift:15:27: warning: 'save' is deprecated: Use saveMutation for user-driven writes. This escape hatch is only for system maintenance and bootstrap. [#DeprecatedDeclaration]
 13 |     let store = try PolicyStore(databaseURL: databaseURL, now: { clock })
 14 | 
 15 |     let first = try store.save(policy(mode: .fullyAutomatic))
    |                           `- warning: 'save' is deprecated: Use saveMutation for user-driven writes. This escape hatch is only for system maintenance and bootstrap. [#DeprecatedDeclaration]
 16 |     let second = try store.save(policy(mode: .approvalRequired))
 17 | 

/private/tmp/zoid-integrate-zc037-compact-helper/Tests/ZoidCoachAppTests/PolicyStoreTests.swift:16:28: warning: 'save' is deprecated: Use saveMutation for user-driven writes. This escape hatch is only for system maintenance and bootstrap. [#DeprecatedDeclaration]
 14 | 
 15 |     let first = try store.save(policy(mode: .fullyAutomatic))
 16 |     let second = try store.save(policy(mode: .approvalRequired))
    |                            `- warning: 'save' is deprecated: Use saveMutation for user-driven writes. This escape hatch is only for system maintenance and bootstrap. [#DeprecatedDeclaration]
 17 | 
 18 |     #expect(first.version == 1)

/private/tmp/zoid-integrate-zc037-compact-helper/Tests/ZoidCoachAppTests/PolicyStoreTests.swift:28:27: warning: 'save' is deprecated: Use saveMutation for user-driven writes. This escape hatch is only for system maintenance and bootstrap. [#DeprecatedDeclaration]
 26 |     #expect(try store.current() == rolledBack)
 27 | 
 28 |     let third = try store.save(policy(mode: .suggestionsOnly))
    |                           `- warning: 'save' is deprecated: Use saveMutation for user-driven writes. This escape hatch is only for system maintenance and bootstrap. [#DeprecatedDeclaration]
 29 |     #expect(third.version == 4)
 30 | }

/private/tmp/zoid-integrate-zc037-compact-helper/Tests/ZoidCoachAppTests/PolicyStoreTests.swift:38:34: warning: 'save' is deprecated: Use saveMutation for user-driven writes. This escape hatch is only for system maintenance and bootstrap. [#DeprecatedDeclaration]
 36 |     let firstStore = try PolicyStore(databaseURL: databaseURL)
 37 |     let secondStore = try PolicyStore(databaseURL: databaseURL)
 38 |     let initial = try firstStore.save(policy(mode: .observe))
    |                                  `- warning: 'save' is deprecated: Use saveMutation for user-driven writes. This escape hatch is only for system maintenance and bootstrap. [#DeprecatedDeclaration]
 39 |     let request = PolicyMutationRequest(
 40 |         requestID: "settings-policy-v1:001",

/private/tmp/zoid-integrate-zc037-compact-helper/Tests/ZoidCoachAppTests/PolicyStoreTests.swift:74:29: warning: 'save' is deprecated: Use saveMutation for user-driven writes. This escape hatch is only for system maintenance and bootstrap. [#DeprecatedDeclaration]
 72 |     defer { removePolicyDatabaseFiles(at: databaseURL) }
 73 |     let store = try PolicyStore(databaseURL: databaseURL)
 74 |     let initial = try store.save(policy(mode: .observe))
    |                             `- warning: 'save' is deprecated: Use saveMutation for user-driven writes. This escape hatch is only for system maintenance and bootstrap. [#DeprecatedDeclaration]
 75 |     let first = try onboardingPolicyRequest(
 76 |         flowID: "flow",

/private/tmp/zoid-integrate-zc037-compact-helper/Tests/ZoidCoachAppTests/PolicyStoreTests.swift:260:19: warning: 'save' is deprecated: Use saveMutation for user-driven writes. This escape hatch is only for system maintenance and bootstrap. [#DeprecatedDeclaration]
258 |     let store = try PolicyStore(databaseURL: databaseURL, now: { clock.now })
259 | 
260 |     _ = try store.save(policy(classifyingSteamAs: .gaming))
    |                   `- warning: 'save' is deprecated: Use saveMutation for user-driven writes. This escape hatch is only for system maintenance and bootstrap. [#DeprecatedDeclaration]
261 |     clock.now = Date(timeIntervalSince1970: 1_700_000_600)
262 |     _ = try store.save(policy(classifyingSteamAs: .work))

/private/tmp/zoid-integrate-zc037-compact-helper/Tests/ZoidCoachAppTests/PolicyStoreTests.swift:262:19: warning: 'save' is deprecated: Use saveMutation for user-driven writes. This escape hatch is only for system maintenance and bootstrap. [#DeprecatedDeclaration]
260 |     _ = try store.save(policy(classifyingSteamAs: .gaming))
261 |     clock.now = Date(timeIntervalSince1970: 1_700_000_600)
262 |     _ = try store.save(policy(classifyingSteamAs: .work))
    |                   `- warning: 'save' is deprecated: Use saveMutation for user-driven writes. This escape hatch is only for system maintenance and bootstrap. [#DeprecatedDeclaration]
263 | 
264 |     let first = try #require(try store.effective(at: Date(timeIntervalSince1970: 1_700_000_300)))

/private/tmp/zoid-integrate-zc037-compact-helper/Tests/ZoidCoachAppTests/PolicyStoreTests.swift:282:23: warning: 'save' is deprecated: Use saveMutation for user-driven writes. This escape hatch is only for system maintenance and bootstrap. [#DeprecatedDeclaration]
280 |         let store = try PolicyStore(databaseURL: databaseURL)
281 |         #expect(try store.currentGamingPolicy() == .balanced)
282 |         _ = try store.save(original)
    |                       `- warning: 'save' is deprecated: Use saveMutation for user-driven writes. This escape hatch is only for system maintenance and bootstrap. [#DeprecatedDeclaration]
283 | 
284 |         let saved = try store.saveGamingPolicy(.firm)

[#DeprecatedDeclaration]: <https://docs.swift.org/compiler/documentation/diagnostics/deprecated-declaration>
[269/357] Compiling ZoidCoachAppTests OnboardingProgressStoreHardeningTests.swift
/private/tmp/zoid-integrate-zc037-compact-helper/Tests/ZoidCoachAppTests/OnboardingProgressStoreHardeningTests.swift:18:17: warning: no calls to throwing functions occur within 'try' expression
  16 |         processEnvironment: [:]
  17 |     ).environment
  18 |     let store = try OnboardingProgressStore(runtimeEnvironment: runtime)
     |                 `- warning: no calls to throwing functions occur within 'try' expression
  19 | 
  20 |     let saved = try store.save(OnboardingProgress())

/private/tmp/zoid-integrate-zc037-compact-helper/Tests/ZoidCoachAppTests/PolicyStoreTests.swift:15:27: warning: 'save' is deprecated: Use saveMutation for user-driven writes. This escape hatch is only for system maintenance and bootstrap. [#DeprecatedDeclaration]
 13 |     let store = try PolicyStore(databaseURL: databaseURL, now: { clock })
 14 | 
 15 |     let first = try store.save(policy(mode: .fullyAutomatic))
    |                           `- warning: 'save' is deprecated: Use saveMutation for user-driven writes. This escape hatch is only for system maintenance and bootstrap. [#DeprecatedDeclaration]
 16 |     let second = try store.save(policy(mode: .approvalRequired))
 17 | 

/private/tmp/zoid-integrate-zc037-compact-helper/Tests/ZoidCoachAppTests/PolicyStoreTests.swift:16:28: warning: 'save' is deprecated: Use saveMutation for user-driven writes. This escape hatch is only for system maintenance and bootstrap. [#DeprecatedDeclaration]
 14 | 
 15 |     let first = try store.save(policy(mode: .fullyAutomatic))
 16 |     let second = try store.save(policy(mode: .approvalRequired))
    |                            `- warning: 'save' is deprecated: Use saveMutation for user-driven writes. This escape hatch is only for system maintenance and bootstrap. [#DeprecatedDeclaration]
 17 | 
 18 |     #expect(first.version == 1)

/private/tmp/zoid-integrate-zc037-compact-helper/Tests/ZoidCoachAppTests/PolicyStoreTests.swift:28:27: warning: 'save' is deprecated: Use saveMutation for user-driven writes. This escape hatch is only for system maintenance and bootstrap. [#DeprecatedDeclaration]
 26 |     #expect(try store.current() == rolledBack)
 27 | 
 28 |     let third = try store.save(policy(mode: .suggestionsOnly))
    |                           `- warning: 'save' is deprecated: Use saveMutation for user-driven writes. This escape hatch is only for system maintenance and bootstrap. [#DeprecatedDeclaration]
 29 |     #expect(third.version == 4)
 30 | }

/private/tmp/zoid-integrate-zc037-compact-helper/Tests/ZoidCoachAppTests/PolicyStoreTests.swift:38:34: warning: 'save' is deprecated: Use saveMutation for user-driven writes. This escape hatch is only for system maintenance and bootstrap. [#DeprecatedDeclaration]
 36 |     let firstStore = try PolicyStore(databaseURL: databaseURL)
 37 |     let secondStore = try PolicyStore(databaseURL: databaseURL)
 38 |     let initial = try firstStore.save(policy(mode: .observe))
    |                                  `- warning: 'save' is deprecated: Use saveMutation for user-driven writes. This escape hatch is only for system maintenance and bootstrap. [#DeprecatedDeclaration]
 39 |     let request = PolicyMutationRequest(
 40 |         requestID: "settings-policy-v1:001",

/private/tmp/zoid-integrate-zc037-compact-helper/Tests/ZoidCoachAppTests/PolicyStoreTests.swift:74:29: warning: 'save' is deprecated: Use saveMutation for user-driven writes. This escape hatch is only for system maintenance and bootstrap. [#DeprecatedDeclaration]
 72 |     defer { removePolicyDatabaseFiles(at: databaseURL) }
 73 |     let store = try PolicyStore(databaseURL: databaseURL)
 74 |     let initial = try store.save(policy(mode: .observe))
    |                             `- warning: 'save' is deprecated: Use saveMutation for user-driven writes. This escape hatch is only for system maintenance and bootstrap. [#DeprecatedDeclaration]
 75 |     let first = try onboardingPolicyRequest(
 76 |         flowID: "flow",

/private/tmp/zoid-integrate-zc037-compact-helper/Tests/ZoidCoachAppTests/PolicyStoreTests.swift:260:19: warning: 'save' is deprecated: Use saveMutation for user-driven writes. This escape hatch is only for system maintenance and bootstrap. [#DeprecatedDeclaration]
258 |     let store = try PolicyStore(databaseURL: databaseURL, now: { clock.now })
259 | 
260 |     _ = try store.save(policy(classifyingSteamAs: .gaming))
    |                   `- warning: 'save' is deprecated: Use saveMutation for user-driven writes. This escape hatch is only for system maintenance and bootstrap. [#DeprecatedDeclaration]
261 |     clock.now = Date(timeIntervalSince1970: 1_700_000_600)
262 |     _ = try store.save(policy(classifyingSteamAs: .work))

/private/tmp/zoid-integrate-zc037-compact-helper/Tests/ZoidCoachAppTests/PolicyStoreTests.swift:262:19: warning: 'save' is deprecated: Use saveMutation for user-driven writes. This escape hatch is only for system maintenance and bootstrap. [#DeprecatedDeclaration]
260 |     _ = try store.save(policy(classifyingSteamAs: .gaming))
261 |     clock.now = Date(timeIntervalSince1970: 1_700_000_600)
262 |     _ = try store.save(policy(classifyingSteamAs: .work))
    |                   `- warning: 'save' is deprecated: Use saveMutation for user-driven writes. This escape hatch is only for system maintenance and bootstrap. [#DeprecatedDeclaration]
263 | 
264 |     let first = try #require(try store.effective(at: Date(timeIntervalSince1970: 1_700_000_300)))

/private/tmp/zoid-integrate-zc037-compact-helper/Tests/ZoidCoachAppTests/PolicyStoreTests.swift:282:23: warning: 'save' is deprecated: Use saveMutation for user-driven writes. This escape hatch is only for system maintenance and bootstrap. [#DeprecatedDeclaration]
280 |         let store = try PolicyStore(databaseURL: databaseURL)
281 |         #expect(try store.currentGamingPolicy() == .balanced)
282 |         _ = try store.save(original)
    |                       `- warning: 'save' is deprecated: Use saveMutation for user-driven writes. This escape hatch is only for system maintenance and bootstrap. [#DeprecatedDeclaration]
283 | 
284 |         let saved = try store.saveGamingPolicy(.firm)

[#DeprecatedDeclaration]: <https://docs.swift.org/compiler/documentation/diagnostics/deprecated-declaration>
[270/357] Compiling ZoidCoachAppTests OnboardingProgressTests.swift
/private/tmp/zoid-integrate-zc037-compact-helper/Tests/ZoidCoachAppTests/OnboardingProgressStoreHardeningTests.swift:18:17: warning: no calls to throwing functions occur within 'try' expression
  16 |         processEnvironment: [:]
  17 |     ).environment
  18 |     let store = try OnboardingProgressStore(runtimeEnvironment: runtime)
     |                 `- warning: no calls to throwing functions occur within 'try' expression
  19 | 
  20 |     let saved = try store.save(OnboardingProgress())

/private/tmp/zoid-integrate-zc037-compact-helper/Tests/ZoidCoachAppTests/PolicyStoreTests.swift:15:27: warning: 'save' is deprecated: Use saveMutation for user-driven writes. This escape hatch is only for system maintenance and bootstrap. [#DeprecatedDeclaration]
 13 |     let store = try PolicyStore(databaseURL: databaseURL, now: { clock })
 14 | 
 15 |     let first = try store.save(policy(mode: .fullyAutomatic))
    |                           `- warning: 'save' is deprecated: Use saveMutation for user-driven writes. This escape hatch is only for system maintenance and bootstrap. [#DeprecatedDeclaration]
 16 |     let second = try store.save(policy(mode: .approvalRequired))
 17 | 

/private/tmp/zoid-integrate-zc037-compact-helper/Tests/ZoidCoachAppTests/PolicyStoreTests.swift:16:28: warning: 'save' is deprecated: Use saveMutation for user-driven writes. This escape hatch is only for system maintenance and bootstrap. [#DeprecatedDeclaration]
 14 | 
 15 |     let first = try store.save(policy(mode: .fullyAutomatic))
 16 |     let second = try store.save(policy(mode: .approvalRequired))
    |                            `- warning: 'save' is deprecated: Use saveMutation for user-driven writes. This escape hatch is only for system maintenance and bootstrap. [#DeprecatedDeclaration]
 17 | 
 18 |     #expect(first.version == 1)

/private/tmp/zoid-integrate-zc037-compact-helper/Tests/ZoidCoachAppTests/PolicyStoreTests.swift:28:27: warning: 'save' is deprecated: Use saveMutation for user-driven writes. This escape hatch is only for system maintenance and bootstrap. [#DeprecatedDeclaration]
 26 |     #expect(try store.current() == rolledBack)
 27 | 
 28 |     let third = try store.save(policy(mode: .suggestionsOnly))
    |                           `- warning: 'save' is deprecated: Use saveMutation for user-driven writes. This escape hatch is only for system maintenance and bootstrap. [#DeprecatedDeclaration]
 29 |     #expect(third.version == 4)
 30 | }

/private/tmp/zoid-integrate-zc037-compact-helper/Tests/ZoidCoachAppTests/PolicyStoreTests.swift:38:34: warning: 'save' is deprecated: Use saveMutation for user-driven writes. This escape hatch is only for system maintenance and bootstrap. [#DeprecatedDeclaration]
 36 |     let firstStore = try PolicyStore(databaseURL: databaseURL)
 37 |     let secondStore = try PolicyStore(databaseURL: databaseURL)
 38 |     let initial = try firstStore.save(policy(mode: .observe))
    |                                  `- warning: 'save' is deprecated: Use saveMutation for user-driven writes. This escape hatch is only for system maintenance and bootstrap. [#DeprecatedDeclaration]
 39 |     let request = PolicyMutationRequest(
 40 |         requestID: "settings-policy-v1:001",

/private/tmp/zoid-integrate-zc037-compact-helper/Tests/ZoidCoachAppTests/PolicyStoreTests.swift:74:29: warning: 'save' is deprecated: Use saveMutation for user-driven writes. This escape hatch is only for system maintenance and bootstrap. [#DeprecatedDeclaration]
 72 |     defer { removePolicyDatabaseFiles(at: databaseURL) }
 73 |     let store = try PolicyStore(databaseURL: databaseURL)
 74 |     let initial = try store.save(policy(mode: .observe))
    |                             `- warning: 'save' is deprecated: Use saveMutation for user-driven writes. This escape hatch is only for system maintenance and bootstrap. [#DeprecatedDeclaration]
 75 |     let first = try onboardingPolicyRequest(
 76 |         flowID: "flow",

/private/tmp/zoid-integrate-zc037-compact-helper/Tests/ZoidCoachAppTests/PolicyStoreTests.swift:260:19: warning: 'save' is deprecated: Use saveMutation for user-driven writes. This escape hatch is only for system maintenance and bootstrap. [#DeprecatedDeclaration]
258 |     let store = try PolicyStore(databaseURL: databaseURL, now: { clock.now })
259 | 
260 |     _ = try store.save(policy(classifyingSteamAs: .gaming))
    |                   `- warning: 'save' is deprecated: Use saveMutation for user-driven writes. This escape hatch is only for system maintenance and bootstrap. [#DeprecatedDeclaration]
261 |     clock.now = Date(timeIntervalSince1970: 1_700_000_600)
262 |     _ = try store.save(policy(classifyingSteamAs: .work))

/private/tmp/zoid-integrate-zc037-compact-helper/Tests/ZoidCoachAppTests/PolicyStoreTests.swift:262:19: warning: 'save' is deprecated: Use saveMutation for user-driven writes. This escape hatch is only for system maintenance and bootstrap. [#DeprecatedDeclaration]
260 |     _ = try store.save(policy(classifyingSteamAs: .gaming))
261 |     clock.now = Date(timeIntervalSince1970: 1_700_000_600)
262 |     _ = try store.save(policy(classifyingSteamAs: .work))
    |                   `- warning: 'save' is deprecated: Use saveMutation for user-driven writes. This escape hatch is only for system maintenance and bootstrap. [#DeprecatedDeclaration]
263 | 
264 |     let first = try #require(try store.effective(at: Date(timeIntervalSince1970: 1_700_000_300)))

/private/tmp/zoid-integrate-zc037-compact-helper/Tests/ZoidCoachAppTests/PolicyStoreTests.swift:282:23: warning: 'save' is deprecated: Use saveMutation for user-driven writes. This escape hatch is only for system maintenance and bootstrap. [#DeprecatedDeclaration]
280 |         let store = try PolicyStore(databaseURL: databaseURL)
281 |         #expect(try store.currentGamingPolicy() == .balanced)
282 |         _ = try store.save(original)
    |                       `- warning: 'save' is deprecated: Use saveMutation for user-driven writes. This escape hatch is only for system maintenance and bootstrap. [#DeprecatedDeclaration]
283 | 
284 |         let saved = try store.saveGamingPolicy(.firm)

[#DeprecatedDeclaration]: <https://docs.swift.org/compiler/documentation/diagnostics/deprecated-declaration>
[271/357] Compiling ZoidCoachAppTests OnboardingTestPromptServiceTests.swift
/private/tmp/zoid-integrate-zc037-compact-helper/Tests/ZoidCoachAppTests/OnboardingProgressStoreHardeningTests.swift:18:17: warning: no calls to throwing functions occur within 'try' expression
  16 |         processEnvironment: [:]
  17 |     ).environment
  18 |     let store = try OnboardingProgressStore(runtimeEnvironment: runtime)
     |                 `- warning: no calls to throwing functions occur within 'try' expression
  19 | 
  20 |     let saved = try store.save(OnboardingProgress())

/private/tmp/zoid-integrate-zc037-compact-helper/Tests/ZoidCoachAppTests/PolicyStoreTests.swift:15:27: warning: 'save' is deprecated: Use saveMutation for user-driven writes. This escape hatch is only for system maintenance and bootstrap. [#DeprecatedDeclaration]
 13 |     let store = try PolicyStore(databaseURL: databaseURL, now: { clock })
 14 | 
 15 |     let first = try store.save(policy(mode: .fullyAutomatic))
    |                           `- warning: 'save' is deprecated: Use saveMutation for user-driven writes. This escape hatch is only for system maintenance and bootstrap. [#DeprecatedDeclaration]
 16 |     let second = try store.save(policy(mode: .approvalRequired))
 17 | 

/private/tmp/zoid-integrate-zc037-compact-helper/Tests/ZoidCoachAppTests/PolicyStoreTests.swift:16:28: warning: 'save' is deprecated: Use saveMutation for user-driven writes. This escape hatch is only for system maintenance and bootstrap. [#DeprecatedDeclaration]
 14 | 
 15 |     let first = try store.save(policy(mode: .fullyAutomatic))
 16 |     let second = try store.save(policy(mode: .approvalRequired))
    |                            `- warning: 'save' is deprecated: Use saveMutation for user-driven writes. This escape hatch is only for system maintenance and bootstrap. [#DeprecatedDeclaration]
 17 | 
 18 |     #expect(first.version == 1)

/private/tmp/zoid-integrate-zc037-compact-helper/Tests/ZoidCoachAppTests/PolicyStoreTests.swift:28:27: warning: 'save' is deprecated: Use saveMutation for user-driven writes. This escape hatch is only for system maintenance and bootstrap. [#DeprecatedDeclaration]
 26 |     #expect(try store.current() == rolledBack)
 27 | 
 28 |     let third = try store.save(policy(mode: .suggestionsOnly))
    |                           `- warning: 'save' is deprecated: Use saveMutation for user-driven writes. This escape hatch is only for system maintenance and bootstrap. [#DeprecatedDeclaration]
 29 |     #expect(third.version == 4)
 30 | }

/private/tmp/zoid-integrate-zc037-compact-helper/Tests/ZoidCoachAppTests/PolicyStoreTests.swift:38:34: warning: 'save' is deprecated: Use saveMutation for user-driven writes. This escape hatch is only for system maintenance and bootstrap. [#DeprecatedDeclaration]
 36 |     let firstStore = try PolicyStore(databaseURL: databaseURL)
 37 |     let secondStore = try PolicyStore(databaseURL: databaseURL)
 38 |     let initial = try firstStore.save(policy(mode: .observe))
    |                                  `- warning: 'save' is deprecated: Use saveMutation for user-driven writes. This escape hatch is only for system maintenance and bootstrap. [#DeprecatedDeclaration]
 39 |     let request = PolicyMutationRequest(
 40 |         requestID: "settings-policy-v1:001",

/private/tmp/zoid-integrate-zc037-compact-helper/Tests/ZoidCoachAppTests/PolicyStoreTests.swift:74:29: warning: 'save' is deprecated: Use saveMutation for user-driven writes. This escape hatch is only for system maintenance and bootstrap. [#DeprecatedDeclaration]
 72 |     defer { removePolicyDatabaseFiles(at: databaseURL) }
 73 |     let store = try PolicyStore(databaseURL: databaseURL)
 74 |     let initial = try store.save(policy(mode: .observe))
    |                             `- warning: 'save' is deprecated: Use saveMutation for user-driven writes. This escape hatch is only for system maintenance and bootstrap. [#DeprecatedDeclaration]
 75 |     let first = try onboardingPolicyRequest(
 76 |         flowID: "flow",

/private/tmp/zoid-integrate-zc037-compact-helper/Tests/ZoidCoachAppTests/PolicyStoreTests.swift:260:19: warning: 'save' is deprecated: Use saveMutation for user-driven writes. This escape hatch is only for system maintenance and bootstrap. [#DeprecatedDeclaration]
258 |     let store = try PolicyStore(databaseURL: databaseURL, now: { clock.now })
259 | 
260 |     _ = try store.save(policy(classifyingSteamAs: .gaming))
    |                   `- warning: 'save' is deprecated: Use saveMutation for user-driven writes. This escape hatch is only for system maintenance and bootstrap. [#DeprecatedDeclaration]
261 |     clock.now = Date(timeIntervalSince1970: 1_700_000_600)
262 |     _ = try store.save(policy(classifyingSteamAs: .work))

/private/tmp/zoid-integrate-zc037-compact-helper/Tests/ZoidCoachAppTests/PolicyStoreTests.swift:262:19: warning: 'save' is deprecated: Use saveMutation for user-driven writes. This escape hatch is only for system maintenance and bootstrap. [#DeprecatedDeclaration]
260 |     _ = try store.save(policy(classifyingSteamAs: .gaming))
261 |     clock.now = Date(timeIntervalSince1970: 1_700_000_600)
262 |     _ = try store.save(policy(classifyingSteamAs: .work))
    |                   `- warning: 'save' is deprecated: Use saveMutation for user-driven writes. This escape hatch is only for system maintenance and bootstrap. [#DeprecatedDeclaration]
263 | 
264 |     let first = try #require(try store.effective(at: Date(timeIntervalSince1970: 1_700_000_300)))

/private/tmp/zoid-integrate-zc037-compact-helper/Tests/ZoidCoachAppTests/PolicyStoreTests.swift:282:23: warning: 'save' is deprecated: Use saveMutation for user-driven writes. This escape hatch is only for system maintenance and bootstrap. [#DeprecatedDeclaration]
280 |         let store = try PolicyStore(databaseURL: databaseURL)
281 |         #expect(try store.currentGamingPolicy() == .balanced)
282 |         _ = try store.save(original)
    |                       `- warning: 'save' is deprecated: Use saveMutation for user-driven writes. This escape hatch is only for system maintenance and bootstrap. [#DeprecatedDeclaration]
283 | 
284 |         let saved = try store.saveGamingPolicy(.firm)

[#DeprecatedDeclaration]: <https://docs.swift.org/compiler/documentation/diagnostics/deprecated-declaration>
[272/357] Compiling ZoidCoachAppTests OnboardingWelcomeCopyTests.swift
/private/tmp/zoid-integrate-zc037-compact-helper/Tests/ZoidCoachAppTests/OnboardingProgressStoreHardeningTests.swift:18:17: warning: no calls to throwing functions occur within 'try' expression
  16 |         processEnvironment: [:]
  17 |     ).environment
  18 |     let store = try OnboardingProgressStore(runtimeEnvironment: runtime)
     |                 `- warning: no calls to throwing functions occur within 'try' expression
  19 | 
  20 |     let saved = try store.save(OnboardingProgress())

/private/tmp/zoid-integrate-zc037-compact-helper/Tests/ZoidCoachAppTests/PolicyStoreTests.swift:15:27: warning: 'save' is deprecated: Use saveMutation for user-driven writes. This escape hatch is only for system maintenance and bootstrap. [#DeprecatedDeclaration]
 13 |     let store = try PolicyStore(databaseURL: databaseURL, now: { clock })
 14 | 
 15 |     let first = try store.save(policy(mode: .fullyAutomatic))
    |                           `- warning: 'save' is deprecated: Use saveMutation for user-driven writes. This escape hatch is only for system maintenance and bootstrap. [#DeprecatedDeclaration]
 16 |     let second = try store.save(policy(mode: .approvalRequired))
 17 | 

/private/tmp/zoid-integrate-zc037-compact-helper/Tests/ZoidCoachAppTests/PolicyStoreTests.swift:16:28: warning: 'save' is deprecated: Use saveMutation for user-driven writes. This escape hatch is only for system maintenance and bootstrap. [#DeprecatedDeclaration]
 14 | 
 15 |     let first = try store.save(policy(mode: .fullyAutomatic))
 16 |     let second = try store.save(policy(mode: .approvalRequired))
    |                            `- warning: 'save' is deprecated: Use saveMutation for user-driven writes. This escape hatch is only for system maintenance and bootstrap. [#DeprecatedDeclaration]
 17 | 
 18 |     #expect(first.version == 1)

/private/tmp/zoid-integrate-zc037-compact-helper/Tests/ZoidCoachAppTests/PolicyStoreTests.swift:28:27: warning: 'save' is deprecated: Use saveMutation for user-driven writes. This escape hatch is only for system maintenance and bootstrap. [#DeprecatedDeclaration]
 26 |     #expect(try store.current() == rolledBack)
 27 | 
 28 |     let third = try store.save(policy(mode: .suggestionsOnly))
    |                           `- warning: 'save' is deprecated: Use saveMutation for user-driven writes. This escape hatch is only for system maintenance and bootstrap. [#DeprecatedDeclaration]
 29 |     #expect(third.version == 4)
 30 | }

/private/tmp/zoid-integrate-zc037-compact-helper/Tests/ZoidCoachAppTests/PolicyStoreTests.swift:38:34: warning: 'save' is deprecated: Use saveMutation for user-driven writes. This escape hatch is only for system maintenance and bootstrap. [#DeprecatedDeclaration]
 36 |     let firstStore = try PolicyStore(databaseURL: databaseURL)
 37 |     let secondStore = try PolicyStore(databaseURL: databaseURL)
 38 |     let initial = try firstStore.save(policy(mode: .observe))
    |                                  `- warning: 'save' is deprecated: Use saveMutation for user-driven writes. This escape hatch is only for system maintenance and bootstrap. [#DeprecatedDeclaration]
 39 |     let request = PolicyMutationRequest(
 40 |         requestID: "settings-policy-v1:001",

/private/tmp/zoid-integrate-zc037-compact-helper/Tests/ZoidCoachAppTests/PolicyStoreTests.swift:74:29: warning: 'save' is deprecated: Use saveMutation for user-driven writes. This escape hatch is only for system maintenance and bootstrap. [#DeprecatedDeclaration]
 72 |     defer { removePolicyDatabaseFiles(at: databaseURL) }
 73 |     let store = try PolicyStore(databaseURL: databaseURL)
 74 |     let initial = try store.save(policy(mode: .observe))
    |                             `- warning: 'save' is deprecated: Use saveMutation for user-driven writes. This escape hatch is only for system maintenance and bootstrap. [#DeprecatedDeclaration]
 75 |     let first = try onboardingPolicyRequest(
 76 |         flowID: "flow",

/private/tmp/zoid-integrate-zc037-compact-helper/Tests/ZoidCoachAppTests/PolicyStoreTests.swift:260:19: warning: 'save' is deprecated: Use saveMutation for user-driven writes. This escape hatch is only for system maintenance and bootstrap. [#DeprecatedDeclaration]
258 |     let store = try PolicyStore(databaseURL: databaseURL, now: { clock.now })
259 | 
260 |     _ = try store.save(policy(classifyingSteamAs: .gaming))
    |                   `- warning: 'save' is deprecated: Use saveMutation for user-driven writes. This escape hatch is only for system maintenance and bootstrap. [#DeprecatedDeclaration]
261 |     clock.now = Date(timeIntervalSince1970: 1_700_000_600)
262 |     _ = try store.save(policy(classifyingSteamAs: .work))

/private/tmp/zoid-integrate-zc037-compact-helper/Tests/ZoidCoachAppTests/PolicyStoreTests.swift:262:19: warning: 'save' is deprecated: Use saveMutation for user-driven writes. This escape hatch is only for system maintenance and bootstrap. [#DeprecatedDeclaration]
260 |     _ = try store.save(policy(classifyingSteamAs: .gaming))
261 |     clock.now = Date(timeIntervalSince1970: 1_700_000_600)
262 |     _ = try store.save(policy(classifyingSteamAs: .work))
    |                   `- warning: 'save' is deprecated: Use saveMutation for user-driven writes. This escape hatch is only for system maintenance and bootstrap. [#DeprecatedDeclaration]
263 | 
264 |     let first = try #require(try store.effective(at: Date(timeIntervalSince1970: 1_700_000_300)))

/private/tmp/zoid-integrate-zc037-compact-helper/Tests/ZoidCoachAppTests/PolicyStoreTests.swift:282:23: warning: 'save' is deprecated: Use saveMutation for user-driven writes. This escape hatch is only for system maintenance and bootstrap. [#DeprecatedDeclaration]
280 |         let store = try PolicyStore(databaseURL: databaseURL)
281 |         #expect(try store.currentGamingPolicy() == .balanced)
282 |         _ = try store.save(original)
    |                       `- warning: 'save' is deprecated: Use saveMutation for user-driven writes. This escape hatch is only for system maintenance and bootstrap. [#DeprecatedDeclaration]
283 | 
284 |         let saved = try store.saveGamingPolicy(.firm)

[#DeprecatedDeclaration]: <https://docs.swift.org/compiler/documentation/diagnostics/deprecated-declaration>
[273/357] Compiling ZoidCoachAppTests PlannerTrustGateStoreTests.swift
/private/tmp/zoid-integrate-zc037-compact-helper/Tests/ZoidCoachAppTests/OnboardingProgressStoreHardeningTests.swift:18:17: warning: no calls to throwing functions occur within 'try' expression
  16 |         processEnvironment: [:]
  17 |     ).environment
  18 |     let store = try OnboardingProgressStore(runtimeEnvironment: runtime)
     |                 `- warning: no calls to throwing functions occur within 'try' expression
  19 | 
  20 |     let saved = try store.save(OnboardingProgress())

/private/tmp/zoid-integrate-zc037-compact-helper/Tests/ZoidCoachAppTests/PolicyStoreTests.swift:15:27: warning: 'save' is deprecated: Use saveMutation for user-driven writes. This escape hatch is only for system maintenance and bootstrap. [#DeprecatedDeclaration]
 13 |     let store = try PolicyStore(databaseURL: databaseURL, now: { clock })
 14 | 
 15 |     let first = try store.save(policy(mode: .fullyAutomatic))
    |                           `- warning: 'save' is deprecated: Use saveMutation for user-driven writes. This escape hatch is only for system maintenance and bootstrap. [#DeprecatedDeclaration]
 16 |     let second = try store.save(policy(mode: .approvalRequired))
 17 | 

/private/tmp/zoid-integrate-zc037-compact-helper/Tests/ZoidCoachAppTests/PolicyStoreTests.swift:16:28: warning: 'save' is deprecated: Use saveMutation for user-driven writes. This escape hatch is only for system maintenance and bootstrap. [#DeprecatedDeclaration]
 14 | 
 15 |     let first = try store.save(policy(mode: .fullyAutomatic))
 16 |     let second = try store.save(policy(mode: .approvalRequired))
    |                            `- warning: 'save' is deprecated: Use saveMutation for user-driven writes. This escape hatch is only for system maintenance and bootstrap. [#DeprecatedDeclaration]
 17 | 
 18 |     #expect(first.version == 1)

/private/tmp/zoid-integrate-zc037-compact-helper/Tests/ZoidCoachAppTests/PolicyStoreTests.swift:28:27: warning: 'save' is deprecated: Use saveMutation for user-driven writes. This escape hatch is only for system maintenance and bootstrap. [#DeprecatedDeclaration]
 26 |     #expect(try store.current() == rolledBack)
 27 | 
 28 |     let third = try store.save(policy(mode: .suggestionsOnly))
    |                           `- warning: 'save' is deprecated: Use saveMutation for user-driven writes. This escape hatch is only for system maintenance and bootstrap. [#DeprecatedDeclaration]
 29 |     #expect(third.version == 4)
 30 | }

/private/tmp/zoid-integrate-zc037-compact-helper/Tests/ZoidCoachAppTests/PolicyStoreTests.swift:38:34: warning: 'save' is deprecated: Use saveMutation for user-driven writes. This escape hatch is only for system maintenance and bootstrap. [#DeprecatedDeclaration]
 36 |     let firstStore = try PolicyStore(databaseURL: databaseURL)
 37 |     let secondStore = try PolicyStore(databaseURL: databaseURL)
 38 |     let initial = try firstStore.save(policy(mode: .observe))
    |                                  `- warning: 'save' is deprecated: Use saveMutation for user-driven writes. This escape hatch is only for system maintenance and bootstrap. [#DeprecatedDeclaration]
 39 |     let request = PolicyMutationRequest(
 40 |         requestID: "settings-policy-v1:001",

/private/tmp/zoid-integrate-zc037-compact-helper/Tests/ZoidCoachAppTests/PolicyStoreTests.swift:74:29: warning: 'save' is deprecated: Use saveMutation for user-driven writes. This escape hatch is only for system maintenance and bootstrap. [#DeprecatedDeclaration]
 72 |     defer { removePolicyDatabaseFiles(at: databaseURL) }
 73 |     let store = try PolicyStore(databaseURL: databaseURL)
 74 |     let initial = try store.save(policy(mode: .observe))
    |                             `- warning: 'save' is deprecated: Use saveMutation for user-driven writes. This escape hatch is only for system maintenance and bootstrap. [#DeprecatedDeclaration]
 75 |     let first = try onboardingPolicyRequest(
 76 |         flowID: "flow",

/private/tmp/zoid-integrate-zc037-compact-helper/Tests/ZoidCoachAppTests/PolicyStoreTests.swift:260:19: warning: 'save' is deprecated: Use saveMutation for user-driven writes. This escape hatch is only for system maintenance and bootstrap. [#DeprecatedDeclaration]
258 |     let store = try PolicyStore(databaseURL: databaseURL, now: { clock.now })
259 | 
260 |     _ = try store.save(policy(classifyingSteamAs: .gaming))
    |                   `- warning: 'save' is deprecated: Use saveMutation for user-driven writes. This escape hatch is only for system maintenance and bootstrap. [#DeprecatedDeclaration]
261 |     clock.now = Date(timeIntervalSince1970: 1_700_000_600)
262 |     _ = try store.save(policy(classifyingSteamAs: .work))

/private/tmp/zoid-integrate-zc037-compact-helper/Tests/ZoidCoachAppTests/PolicyStoreTests.swift:262:19: warning: 'save' is deprecated: Use saveMutation for user-driven writes. This escape hatch is only for system maintenance and bootstrap. [#DeprecatedDeclaration]
260 |     _ = try store.save(policy(classifyingSteamAs: .gaming))
261 |     clock.now = Date(timeIntervalSince1970: 1_700_000_600)
262 |     _ = try store.save(policy(classifyingSteamAs: .work))
    |                   `- warning: 'save' is deprecated: Use saveMutation for user-driven writes. This escape hatch is only for system maintenance and bootstrap. [#DeprecatedDeclaration]
263 | 
264 |     let first = try #require(try store.effective(at: Date(timeIntervalSince1970: 1_700_000_300)))

/private/tmp/zoid-integrate-zc037-compact-helper/Tests/ZoidCoachAppTests/PolicyStoreTests.swift:282:23: warning: 'save' is deprecated: Use saveMutation for user-driven writes. This escape hatch is only for system maintenance and bootstrap. [#DeprecatedDeclaration]
280 |         let store = try PolicyStore(databaseURL: databaseURL)
281 |         #expect(try store.currentGamingPolicy() == .balanced)
282 |         _ = try store.save(original)
    |                       `- warning: 'save' is deprecated: Use saveMutation for user-driven writes. This escape hatch is only for system maintenance and bootstrap. [#DeprecatedDeclaration]
283 | 
284 |         let saved = try store.saveGamingPolicy(.firm)

[#DeprecatedDeclaration]: <https://docs.swift.org/compiler/documentation/diagnostics/deprecated-declaration>
[274/357] Compiling ZoidCoachAppTests PlanningCapacityStateTests.swift
/private/tmp/zoid-integrate-zc037-compact-helper/Tests/ZoidCoachAppTests/OnboardingProgressStoreHardeningTests.swift:18:17: warning: no calls to throwing functions occur within 'try' expression
  16 |         processEnvironment: [:]
  17 |     ).environment
  18 |     let store = try OnboardingProgressStore(runtimeEnvironment: runtime)
     |                 `- warning: no calls to throwing functions occur within 'try' expression
  19 | 
  20 |     let saved = try store.save(OnboardingProgress())

/private/tmp/zoid-integrate-zc037-compact-helper/Tests/ZoidCoachAppTests/PolicyStoreTests.swift:15:27: warning: 'save' is deprecated: Use saveMutation for user-driven writes. This escape hatch is only for system maintenance and bootstrap. [#DeprecatedDeclaration]
 13 |     let store = try PolicyStore(databaseURL: databaseURL, now: { clock })
 14 | 
 15 |     let first = try store.save(policy(mode: .fullyAutomatic))
    |                           `- warning: 'save' is deprecated: Use saveMutation for user-driven writes. This escape hatch is only for system maintenance and bootstrap. [#DeprecatedDeclaration]
 16 |     let second = try store.save(policy(mode: .approvalRequired))
 17 | 

/private/tmp/zoid-integrate-zc037-compact-helper/Tests/ZoidCoachAppTests/PolicyStoreTests.swift:16:28: warning: 'save' is deprecated: Use saveMutation for user-driven writes. This escape hatch is only for system maintenance and bootstrap. [#DeprecatedDeclaration]
 14 | 
 15 |     let first = try store.save(policy(mode: .fullyAutomatic))
 16 |     let second = try store.save(policy(mode: .approvalRequired))
    |                            `- warning: 'save' is deprecated: Use saveMutation for user-driven writes. This escape hatch is only for system maintenance and bootstrap. [#DeprecatedDeclaration]
 17 | 
 18 |     #expect(first.version == 1)

/private/tmp/zoid-integrate-zc037-compact-helper/Tests/ZoidCoachAppTests/PolicyStoreTests.swift:28:27: warning: 'save' is deprecated: Use saveMutation for user-driven writes. This escape hatch is only for system maintenance and bootstrap. [#DeprecatedDeclaration]
 26 |     #expect(try store.current() == rolledBack)
 27 | 
 28 |     let third = try store.save(policy(mode: .suggestionsOnly))
    |                           `- warning: 'save' is deprecated: Use saveMutation for user-driven writes. This escape hatch is only for system maintenance and bootstrap. [#DeprecatedDeclaration]
 29 |     #expect(third.version == 4)
 30 | }

/private/tmp/zoid-integrate-zc037-compact-helper/Tests/ZoidCoachAppTests/PolicyStoreTests.swift:38:34: warning: 'save' is deprecated: Use saveMutation for user-driven writes. This escape hatch is only for system maintenance and bootstrap. [#DeprecatedDeclaration]
 36 |     let firstStore = try PolicyStore(databaseURL: databaseURL)
 37 |     let secondStore = try PolicyStore(databaseURL: databaseURL)
 38 |     let initial = try firstStore.save(policy(mode: .observe))
    |                                  `- warning: 'save' is deprecated: Use saveMutation for user-driven writes. This escape hatch is only for system maintenance and bootstrap. [#DeprecatedDeclaration]
 39 |     let request = PolicyMutationRequest(
 40 |         requestID: "settings-policy-v1:001",

/private/tmp/zoid-integrate-zc037-compact-helper/Tests/ZoidCoachAppTests/PolicyStoreTests.swift:74:29: warning: 'save' is deprecated: Use saveMutation for user-driven writes. This escape hatch is only for system maintenance and bootstrap. [#DeprecatedDeclaration]
 72 |     defer { removePolicyDatabaseFiles(at: databaseURL) }
 73 |     let store = try PolicyStore(databaseURL: databaseURL)
 74 |     let initial = try store.save(policy(mode: .observe))
    |                             `- warning: 'save' is deprecated: Use saveMutation for user-driven writes. This escape hatch is only for system maintenance and bootstrap. [#DeprecatedDeclaration]
 75 |     let first = try onboardingPolicyRequest(
 76 |         flowID: "flow",

/private/tmp/zoid-integrate-zc037-compact-helper/Tests/ZoidCoachAppTests/PolicyStoreTests.swift:260:19: warning: 'save' is deprecated: Use saveMutation for user-driven writes. This escape hatch is only for system maintenance and bootstrap. [#DeprecatedDeclaration]
258 |     let store = try PolicyStore(databaseURL: databaseURL, now: { clock.now })
259 | 
260 |     _ = try store.save(policy(classifyingSteamAs: .gaming))
    |                   `- warning: 'save' is deprecated: Use saveMutation for user-driven writes. This escape hatch is only for system maintenance and bootstrap. [#DeprecatedDeclaration]
261 |     clock.now = Date(timeIntervalSince1970: 1_700_000_600)
262 |     _ = try store.save(policy(classifyingSteamAs: .work))

/private/tmp/zoid-integrate-zc037-compact-helper/Tests/ZoidCoachAppTests/PolicyStoreTests.swift:262:19: warning: 'save' is deprecated: Use saveMutation for user-driven writes. This escape hatch is only for system maintenance and bootstrap. [#DeprecatedDeclaration]
260 |     _ = try store.save(policy(classifyingSteamAs: .gaming))
261 |     clock.now = Date(timeIntervalSince1970: 1_700_000_600)
262 |     _ = try store.save(policy(classifyingSteamAs: .work))
    |                   `- warning: 'save' is deprecated: Use saveMutation for user-driven writes. This escape hatch is only for system maintenance and bootstrap. [#DeprecatedDeclaration]
263 | 
264 |     let first = try #require(try store.effective(at: Date(timeIntervalSince1970: 1_700_000_300)))

/private/tmp/zoid-integrate-zc037-compact-helper/Tests/ZoidCoachAppTests/PolicyStoreTests.swift:282:23: warning: 'save' is deprecated: Use saveMutation for user-driven writes. This escape hatch is only for system maintenance and bootstrap. [#DeprecatedDeclaration]
280 |         let store = try PolicyStore(databaseURL: databaseURL)
281 |         #expect(try store.currentGamingPolicy() == .balanced)
282 |         _ = try store.save(original)
    |                       `- warning: 'save' is deprecated: Use saveMutation for user-driven writes. This escape hatch is only for system maintenance and bootstrap. [#DeprecatedDeclaration]
283 | 
284 |         let saved = try store.saveGamingPolicy(.firm)

[#DeprecatedDeclaration]: <https://docs.swift.org/compiler/documentation/diagnostics/deprecated-declaration>
[275/357] Compiling ZoidCoachAppTests PlanningInvitationServiceTests.swift
/private/tmp/zoid-integrate-zc037-compact-helper/Tests/ZoidCoachAppTests/OnboardingProgressStoreHardeningTests.swift:18:17: warning: no calls to throwing functions occur within 'try' expression
  16 |         processEnvironment: [:]
  17 |     ).environment
  18 |     let store = try OnboardingProgressStore(runtimeEnvironment: runtime)
     |                 `- warning: no calls to throwing functions occur within 'try' expression
  19 | 
  20 |     let saved = try store.save(OnboardingProgress())

/private/tmp/zoid-integrate-zc037-compact-helper/Tests/ZoidCoachAppTests/PolicyStoreTests.swift:15:27: warning: 'save' is deprecated: Use saveMutation for user-driven writes. This escape hatch is only for system maintenance and bootstrap. [#DeprecatedDeclaration]
 13 |     let store = try PolicyStore(databaseURL: databaseURL, now: { clock })
 14 | 
 15 |     let first = try store.save(policy(mode: .fullyAutomatic))
    |                           `- warning: 'save' is deprecated: Use saveMutation for user-driven writes. This escape hatch is only for system maintenance and bootstrap. [#DeprecatedDeclaration]
 16 |     let second = try store.save(policy(mode: .approvalRequired))
 17 | 

/private/tmp/zoid-integrate-zc037-compact-helper/Tests/ZoidCoachAppTests/PolicyStoreTests.swift:16:28: warning: 'save' is deprecated: Use saveMutation for user-driven writes. This escape hatch is only for system maintenance and bootstrap. [#DeprecatedDeclaration]
 14 | 
 15 |     let first = try store.save(policy(mode: .fullyAutomatic))
 16 |     let second = try store.save(policy(mode: .approvalRequired))
    |                            `- warning: 'save' is deprecated: Use saveMutation for user-driven writes. This escape hatch is only for system maintenance and bootstrap. [#DeprecatedDeclaration]
 17 | 
 18 |     #expect(first.version == 1)

/private/tmp/zoid-integrate-zc037-compact-helper/Tests/ZoidCoachAppTests/PolicyStoreTests.swift:28:27: warning: 'save' is deprecated: Use saveMutation for user-driven writes. This escape hatch is only for system maintenance and bootstrap. [#DeprecatedDeclaration]
 26 |     #expect(try store.current() == rolledBack)
 27 | 
 28 |     let third = try store.save(policy(mode: .suggestionsOnly))
    |                           `- warning: 'save' is deprecated: Use saveMutation for user-driven writes. This escape hatch is only for system maintenance and bootstrap. [#DeprecatedDeclaration]
 29 |     #expect(third.version == 4)
 30 | }

/private/tmp/zoid-integrate-zc037-compact-helper/Tests/ZoidCoachAppTests/PolicyStoreTests.swift:38:34: warning: 'save' is deprecated: Use saveMutation for user-driven writes. This escape hatch is only for system maintenance and bootstrap. [#DeprecatedDeclaration]
 36 |     let firstStore = try PolicyStore(databaseURL: databaseURL)
 37 |     let secondStore = try PolicyStore(databaseURL: databaseURL)
 38 |     let initial = try firstStore.save(policy(mode: .observe))
    |                                  `- warning: 'save' is deprecated: Use saveMutation for user-driven writes. This escape hatch is only for system maintenance and bootstrap. [#DeprecatedDeclaration]
 39 |     let request = PolicyMutationRequest(
 40 |         requestID: "settings-policy-v1:001",

/private/tmp/zoid-integrate-zc037-compact-helper/Tests/ZoidCoachAppTests/PolicyStoreTests.swift:74:29: warning: 'save' is deprecated: Use saveMutation for user-driven writes. This escape hatch is only for system maintenance and bootstrap. [#DeprecatedDeclaration]
 72 |     defer { removePolicyDatabaseFiles(at: databaseURL) }
 73 |     let store = try PolicyStore(databaseURL: databaseURL)
 74 |     let initial = try store.save(policy(mode: .observe))
    |                             `- warning: 'save' is deprecated: Use saveMutation for user-driven writes. This escape hatch is only for system maintenance and bootstrap. [#DeprecatedDeclaration]
 75 |     let first = try onboardingPolicyRequest(
 76 |         flowID: "flow",

/private/tmp/zoid-integrate-zc037-compact-helper/Tests/ZoidCoachAppTests/PolicyStoreTests.swift:260:19: warning: 'save' is deprecated: Use saveMutation for user-driven writes. This escape hatch is only for system maintenance and bootstrap. [#DeprecatedDeclaration]
258 |     let store = try PolicyStore(databaseURL: databaseURL, now: { clock.now })
259 | 
260 |     _ = try store.save(policy(classifyingSteamAs: .gaming))
    |                   `- warning: 'save' is deprecated: Use saveMutation for user-driven writes. This escape hatch is only for system maintenance and bootstrap. [#DeprecatedDeclaration]
261 |     clock.now = Date(timeIntervalSince1970: 1_700_000_600)
262 |     _ = try store.save(policy(classifyingSteamAs: .work))

/private/tmp/zoid-integrate-zc037-compact-helper/Tests/ZoidCoachAppTests/PolicyStoreTests.swift:262:19: warning: 'save' is deprecated: Use saveMutation for user-driven writes. This escape hatch is only for system maintenance and bootstrap. [#DeprecatedDeclaration]
260 |     _ = try store.save(policy(classifyingSteamAs: .gaming))
261 |     clock.now = Date(timeIntervalSince1970: 1_700_000_600)
262 |     _ = try store.save(policy(classifyingSteamAs: .work))
    |                   `- warning: 'save' is deprecated: Use saveMutation for user-driven writes. This escape hatch is only for system maintenance and bootstrap. [#DeprecatedDeclaration]
263 | 
264 |     let first = try #require(try store.effective(at: Date(timeIntervalSince1970: 1_700_000_300)))

/private/tmp/zoid-integrate-zc037-compact-helper/Tests/ZoidCoachAppTests/PolicyStoreTests.swift:282:23: warning: 'save' is deprecated: Use saveMutation for user-driven writes. This escape hatch is only for system maintenance and bootstrap. [#DeprecatedDeclaration]
280 |         let store = try PolicyStore(databaseURL: databaseURL)
281 |         #expect(try store.currentGamingPolicy() == .balanced)
282 |         _ = try store.save(original)
    |                       `- warning: 'save' is deprecated: Use saveMutation for user-driven writes. This escape hatch is only for system maintenance and bootstrap. [#DeprecatedDeclaration]
283 | 
284 |         let saved = try store.saveGamingPolicy(.firm)

[#DeprecatedDeclaration]: <https://docs.swift.org/compiler/documentation/diagnostics/deprecated-declaration>
[276/357] Compiling ZoidCoachAppTests PolicyStoreTests.swift
/private/tmp/zoid-integrate-zc037-compact-helper/Tests/ZoidCoachAppTests/OnboardingProgressStoreHardeningTests.swift:18:17: warning: no calls to throwing functions occur within 'try' expression
  16 |         processEnvironment: [:]
  17 |     ).environment
  18 |     let store = try OnboardingProgressStore(runtimeEnvironment: runtime)
     |                 `- warning: no calls to throwing functions occur within 'try' expression
  19 | 
  20 |     let saved = try store.save(OnboardingProgress())

/private/tmp/zoid-integrate-zc037-compact-helper/Tests/ZoidCoachAppTests/PolicyStoreTests.swift:15:27: warning: 'save' is deprecated: Use saveMutation for user-driven writes. This escape hatch is only for system maintenance and bootstrap. [#DeprecatedDeclaration]
 13 |     let store = try PolicyStore(databaseURL: databaseURL, now: { clock })
 14 | 
 15 |     let first = try store.save(policy(mode: .fullyAutomatic))
    |                           `- warning: 'save' is deprecated: Use saveMutation for user-driven writes. This escape hatch is only for system maintenance and bootstrap. [#DeprecatedDeclaration]
 16 |     let second = try store.save(policy(mode: .approvalRequired))
 17 | 

/private/tmp/zoid-integrate-zc037-compact-helper/Tests/ZoidCoachAppTests/PolicyStoreTests.swift:16:28: warning: 'save' is deprecated: Use saveMutation for user-driven writes. This escape hatch is only for system maintenance and bootstrap. [#DeprecatedDeclaration]
 14 | 
 15 |     let first = try store.save(policy(mode: .fullyAutomatic))
 16 |     let second = try store.save(policy(mode: .approvalRequired))
    |                            `- warning: 'save' is deprecated: Use saveMutation for user-driven writes. This escape hatch is only for system maintenance and bootstrap. [#DeprecatedDeclaration]
 17 | 
 18 |     #expect(first.version == 1)

/private/tmp/zoid-integrate-zc037-compact-helper/Tests/ZoidCoachAppTests/PolicyStoreTests.swift:28:27: warning: 'save' is deprecated: Use saveMutation for user-driven writes. This escape hatch is only for system maintenance and bootstrap. [#DeprecatedDeclaration]
 26 |     #expect(try store.current() == rolledBack)
 27 | 
 28 |     let third = try store.save(policy(mode: .suggestionsOnly))
    |                           `- warning: 'save' is deprecated: Use saveMutation for user-driven writes. This escape hatch is only for system maintenance and bootstrap. [#DeprecatedDeclaration]
 29 |     #expect(third.version == 4)
 30 | }

/private/tmp/zoid-integrate-zc037-compact-helper/Tests/ZoidCoachAppTests/PolicyStoreTests.swift:38:34: warning: 'save' is deprecated: Use saveMutation for user-driven writes. This escape hatch is only for system maintenance and bootstrap. [#DeprecatedDeclaration]
 36 |     let firstStore = try PolicyStore(databaseURL: databaseURL)
 37 |     let secondStore = try PolicyStore(databaseURL: databaseURL)
 38 |     let initial = try firstStore.save(policy(mode: .observe))
    |                                  `- warning: 'save' is deprecated: Use saveMutation for user-driven writes. This escape hatch is only for system maintenance and bootstrap. [#DeprecatedDeclaration]
 39 |     let request = PolicyMutationRequest(
 40 |         requestID: "settings-policy-v1:001",

/private/tmp/zoid-integrate-zc037-compact-helper/Tests/ZoidCoachAppTests/PolicyStoreTests.swift:74:29: warning: 'save' is deprecated: Use saveMutation for user-driven writes. This escape hatch is only for system maintenance and bootstrap. [#DeprecatedDeclaration]
 72 |     defer { removePolicyDatabaseFiles(at: databaseURL) }
 73 |     let store = try PolicyStore(databaseURL: databaseURL)
 74 |     let initial = try store.save(policy(mode: .observe))
    |                             `- warning: 'save' is deprecated: Use saveMutation for user-driven writes. This escape hatch is only for system maintenance and bootstrap. [#DeprecatedDeclaration]
 75 |     let first = try onboardingPolicyRequest(
 76 |         flowID: "flow",

/private/tmp/zoid-integrate-zc037-compact-helper/Tests/ZoidCoachAppTests/PolicyStoreTests.swift:260:19: warning: 'save' is deprecated: Use saveMutation for user-driven writes. This escape hatch is only for system maintenance and bootstrap. [#DeprecatedDeclaration]
258 |     let store = try PolicyStore(databaseURL: databaseURL, now: { clock.now })
259 | 
260 |     _ = try store.save(policy(classifyingSteamAs: .gaming))
    |                   `- warning: 'save' is deprecated: Use saveMutation for user-driven writes. This escape hatch is only for system maintenance and bootstrap. [#DeprecatedDeclaration]
261 |     clock.now = Date(timeIntervalSince1970: 1_700_000_600)
262 |     _ = try store.save(policy(classifyingSteamAs: .work))

/private/tmp/zoid-integrate-zc037-compact-helper/Tests/ZoidCoachAppTests/PolicyStoreTests.swift:262:19: warning: 'save' is deprecated: Use saveMutation for user-driven writes. This escape hatch is only for system maintenance and bootstrap. [#DeprecatedDeclaration]
260 |     _ = try store.save(policy(classifyingSteamAs: .gaming))
261 |     clock.now = Date(timeIntervalSince1970: 1_700_000_600)
262 |     _ = try store.save(policy(classifyingSteamAs: .work))
    |                   `- warning: 'save' is deprecated: Use saveMutation for user-driven writes. This escape hatch is only for system maintenance and bootstrap. [#DeprecatedDeclaration]
263 | 
264 |     let first = try #require(try store.effective(at: Date(timeIntervalSince1970: 1_700_000_300)))

/private/tmp/zoid-integrate-zc037-compact-helper/Tests/ZoidCoachAppTests/PolicyStoreTests.swift:282:23: warning: 'save' is deprecated: Use saveMutation for user-driven writes. This escape hatch is only for system maintenance and bootstrap. [#DeprecatedDeclaration]
280 |         let store = try PolicyStore(databaseURL: databaseURL)
281 |         #expect(try store.currentGamingPolicy() == .balanced)
282 |         _ = try store.save(original)
    |                       `- warning: 'save' is deprecated: Use saveMutation for user-driven writes. This escape hatch is only for system maintenance and bootstrap. [#DeprecatedDeclaration]
283 | 
284 |         let saved = try store.saveGamingPolicy(.firm)

[#DeprecatedDeclaration]: <https://docs.swift.org/compiler/documentation/diagnostics/deprecated-declaration>
[277/357] Compiling ZoidCoachAppTests QuietHoursDeliveryBoundaryTests.swift
/private/tmp/zoid-integrate-zc037-compact-helper/Tests/ZoidCoachAppTests/ReminderRescheduleSyncStateTests.swift:87:25: warning: 'save' is deprecated: Use saveMutation for user-driven writes. This escape hatch is only for system maintenance and bootstrap. [#DeprecatedDeclaration]
 85 |     let outbox = try ActionOutboxStore(databaseURL: databaseURL)
 86 |     let policyStore = try PolicyStore(databaseURL: databaseURL)
 87 |     _ = try policyStore.save(.defaults(timeZoneIdentifier: "Africa/Cairo"))
    |                         `- warning: 'save' is deprecated: Use saveMutation for user-driven writes. This escape hatch is only for system maintenance and bootstrap. [#DeprecatedDeclaration]
 88 |     let router = try makeRescheduleRouter(
 89 |         databaseURL: databaseURL,

[#DeprecatedDeclaration]: <https://docs.swift.org/compiler/documentation/diagnostics/deprecated-declaration>
[278/357] Compiling ZoidCoachAppTests RecommendationFeedbackTests.swift
/private/tmp/zoid-integrate-zc037-compact-helper/Tests/ZoidCoachAppTests/ReminderRescheduleSyncStateTests.swift:87:25: warning: 'save' is deprecated: Use saveMutation for user-driven writes. This escape hatch is only for system maintenance and bootstrap. [#DeprecatedDeclaration]
 85 |     let outbox = try ActionOutboxStore(databaseURL: databaseURL)
 86 |     let policyStore = try PolicyStore(databaseURL: databaseURL)
 87 |     _ = try policyStore.save(.defaults(timeZoneIdentifier: "Africa/Cairo"))
    |                         `- warning: 'save' is deprecated: Use saveMutation for user-driven writes. This escape hatch is only for system maintenance and bootstrap. [#DeprecatedDeclaration]
 88 |     let router = try makeRescheduleRouter(
 89 |         databaseURL: databaseURL,

[#DeprecatedDeclaration]: <https://docs.swift.org/compiler/documentation/diagnostics/deprecated-declaration>
[279/357] Compiling ZoidCoachAppTests ReminderCompletionSyncStateTests.swift
/private/tmp/zoid-integrate-zc037-compact-helper/Tests/ZoidCoachAppTests/ReminderRescheduleSyncStateTests.swift:87:25: warning: 'save' is deprecated: Use saveMutation for user-driven writes. This escape hatch is only for system maintenance and bootstrap. [#DeprecatedDeclaration]
 85 |     let outbox = try ActionOutboxStore(databaseURL: databaseURL)
 86 |     let policyStore = try PolicyStore(databaseURL: databaseURL)
 87 |     _ = try policyStore.save(.defaults(timeZoneIdentifier: "Africa/Cairo"))
    |                         `- warning: 'save' is deprecated: Use saveMutation for user-driven writes. This escape hatch is only for system maintenance and bootstrap. [#DeprecatedDeclaration]
 88 |     let router = try makeRescheduleRouter(
 89 |         databaseURL: databaseURL,

[#DeprecatedDeclaration]: <https://docs.swift.org/compiler/documentation/diagnostics/deprecated-declaration>
[280/357] Compiling ZoidCoachAppTests ReminderRescheduleSyncStateTests.swift
/private/tmp/zoid-integrate-zc037-compact-helper/Tests/ZoidCoachAppTests/ReminderRescheduleSyncStateTests.swift:87:25: warning: 'save' is deprecated: Use saveMutation for user-driven writes. This escape hatch is only for system maintenance and bootstrap. [#DeprecatedDeclaration]
 85 |     let outbox = try ActionOutboxStore(databaseURL: databaseURL)
 86 |     let policyStore = try PolicyStore(databaseURL: databaseURL)
 87 |     _ = try policyStore.save(.defaults(timeZoneIdentifier: "Africa/Cairo"))
    |                         `- warning: 'save' is deprecated: Use saveMutation for user-driven writes. This escape hatch is only for system maintenance and bootstrap. [#DeprecatedDeclaration]
 88 |     let router = try makeRescheduleRouter(
 89 |         databaseURL: databaseURL,

[#DeprecatedDeclaration]: <https://docs.swift.org/compiler/documentation/diagnostics/deprecated-declaration>
[281/357] Compiling ZoidCoachAppTests RemindersConnectionControllerTests.swift
/private/tmp/zoid-integrate-zc037-compact-helper/Tests/ZoidCoachAppTests/ReminderRescheduleSyncStateTests.swift:87:25: warning: 'save' is deprecated: Use saveMutation for user-driven writes. This escape hatch is only for system maintenance and bootstrap. [#DeprecatedDeclaration]
 85 |     let outbox = try ActionOutboxStore(databaseURL: databaseURL)
 86 |     let policyStore = try PolicyStore(databaseURL: databaseURL)
 87 |     _ = try policyStore.save(.defaults(timeZoneIdentifier: "Africa/Cairo"))
    |                         `- warning: 'save' is deprecated: Use saveMutation for user-driven writes. This escape hatch is only for system maintenance and bootstrap. [#DeprecatedDeclaration]
 88 |     let router = try makeRescheduleRouter(
 89 |         databaseURL: databaseURL,

[#DeprecatedDeclaration]: <https://docs.swift.org/compiler/documentation/diagnostics/deprecated-declaration>
[282/357] Compiling ZoidCoachAppTests RemindersOutageContinuityTests.swift
/private/tmp/zoid-integrate-zc037-compact-helper/Tests/ZoidCoachAppTests/ReminderRescheduleSyncStateTests.swift:87:25: warning: 'save' is deprecated: Use saveMutation for user-driven writes. This escape hatch is only for system maintenance and bootstrap. [#DeprecatedDeclaration]
 85 |     let outbox = try ActionOutboxStore(databaseURL: databaseURL)
 86 |     let policyStore = try PolicyStore(databaseURL: databaseURL)
 87 |     _ = try policyStore.save(.defaults(timeZoneIdentifier: "Africa/Cairo"))
    |                         `- warning: 'save' is deprecated: Use saveMutation for user-driven writes. This escape hatch is only for system maintenance and bootstrap. [#DeprecatedDeclaration]
 88 |     let router = try makeRescheduleRouter(
 89 |         databaseURL: databaseURL,

[#DeprecatedDeclaration]: <https://docs.swift.org/compiler/documentation/diagnostics/deprecated-declaration>
[283/357] Compiling ZoidCoachAppTests RemoteEvidencePreviewTests.swift
/private/tmp/zoid-integrate-zc037-compact-helper/Tests/ZoidCoachAppTests/ReminderRescheduleSyncStateTests.swift:87:25: warning: 'save' is deprecated: Use saveMutation for user-driven writes. This escape hatch is only for system maintenance and bootstrap. [#DeprecatedDeclaration]
 85 |     let outbox = try ActionOutboxStore(databaseURL: databaseURL)
 86 |     let policyStore = try PolicyStore(databaseURL: databaseURL)
 87 |     _ = try policyStore.save(.defaults(timeZoneIdentifier: "Africa/Cairo"))
    |                         `- warning: 'save' is deprecated: Use saveMutation for user-driven writes. This escape hatch is only for system maintenance and bootstrap. [#DeprecatedDeclaration]
 88 |     let router = try makeRescheduleRouter(
 89 |         databaseURL: databaseURL,

[#DeprecatedDeclaration]: <https://docs.swift.org/compiler/documentation/diagnostics/deprecated-declaration>
[284/357] Compiling ZoidCoachAppTests ReviewLearningDeletionDisclosureTests.swift
/private/tmp/zoid-integrate-zc037-compact-helper/Tests/ZoidCoachAppTests/ReminderRescheduleSyncStateTests.swift:87:25: warning: 'save' is deprecated: Use saveMutation for user-driven writes. This escape hatch is only for system maintenance and bootstrap. [#DeprecatedDeclaration]
 85 |     let outbox = try ActionOutboxStore(databaseURL: databaseURL)
 86 |     let policyStore = try PolicyStore(databaseURL: databaseURL)
 87 |     _ = try policyStore.save(.defaults(timeZoneIdentifier: "Africa/Cairo"))
    |                         `- warning: 'save' is deprecated: Use saveMutation for user-driven writes. This escape hatch is only for system maintenance and bootstrap. [#DeprecatedDeclaration]
 88 |     let router = try makeRescheduleRouter(
 89 |         databaseURL: databaseURL,

[#DeprecatedDeclaration]: <https://docs.swift.org/compiler/documentation/diagnostics/deprecated-declaration>
[285/357] Compiling ZoidCoachAppTests ReviewReminderServiceTests.swift
/private/tmp/zoid-integrate-zc037-compact-helper/Tests/ZoidCoachAppTests/ReminderRescheduleSyncStateTests.swift:87:25: warning: 'save' is deprecated: Use saveMutation for user-driven writes. This escape hatch is only for system maintenance and bootstrap. [#DeprecatedDeclaration]
 85 |     let outbox = try ActionOutboxStore(databaseURL: databaseURL)
 86 |     let policyStore = try PolicyStore(databaseURL: databaseURL)
 87 |     _ = try policyStore.save(.defaults(timeZoneIdentifier: "Africa/Cairo"))
    |                         `- warning: 'save' is deprecated: Use saveMutation for user-driven writes. This escape hatch is only for system maintenance and bootstrap. [#DeprecatedDeclaration]
 88 |     let router = try makeRescheduleRouter(
 89 |         databaseURL: databaseURL,

[#DeprecatedDeclaration]: <https://docs.swift.org/compiler/documentation/diagnostics/deprecated-declaration>
[286/357] Compiling ZoidCoachAppTests RulesOnlyReviewStateTests.swift
/private/tmp/zoid-integrate-zc037-compact-helper/Tests/ZoidCoachAppTests/ReminderRescheduleSyncStateTests.swift:87:25: warning: 'save' is deprecated: Use saveMutation for user-driven writes. This escape hatch is only for system maintenance and bootstrap. [#DeprecatedDeclaration]
 85 |     let outbox = try ActionOutboxStore(databaseURL: databaseURL)
 86 |     let policyStore = try PolicyStore(databaseURL: databaseURL)
 87 |     _ = try policyStore.save(.defaults(timeZoneIdentifier: "Africa/Cairo"))
    |                         `- warning: 'save' is deprecated: Use saveMutation for user-driven writes. This escape hatch is only for system maintenance and bootstrap. [#DeprecatedDeclaration]
 88 |     let router = try makeRescheduleRouter(
 89 |         databaseURL: databaseURL,

[#DeprecatedDeclaration]: <https://docs.swift.org/compiler/documentation/diagnostics/deprecated-declaration>
[287/357] Compiling ZoidCoachAppTests RuntimeConsumerIsolationTests.swift
/private/tmp/zoid-integrate-zc037-compact-helper/Tests/ZoidCoachAppTests/ReminderRescheduleSyncStateTests.swift:87:25: warning: 'save' is deprecated: Use saveMutation for user-driven writes. This escape hatch is only for system maintenance and bootstrap. [#DeprecatedDeclaration]
 85 |     let outbox = try ActionOutboxStore(databaseURL: databaseURL)
 86 |     let policyStore = try PolicyStore(databaseURL: databaseURL)
 87 |     _ = try policyStore.save(.defaults(timeZoneIdentifier: "Africa/Cairo"))
    |                         `- warning: 'save' is deprecated: Use saveMutation for user-driven writes. This escape hatch is only for system maintenance and bootstrap. [#DeprecatedDeclaration]
 88 |     let router = try makeRescheduleRouter(
 89 |         databaseURL: databaseURL,

[#DeprecatedDeclaration]: <https://docs.swift.org/compiler/documentation/diagnostics/deprecated-declaration>
[288/357] Compiling ZoidCoachAppTests RuntimeEnvironmentTests.swift
/private/tmp/zoid-integrate-zc037-compact-helper/Tests/ZoidCoachAppTests/ReminderRescheduleSyncStateTests.swift:87:25: warning: 'save' is deprecated: Use saveMutation for user-driven writes. This escape hatch is only for system maintenance and bootstrap. [#DeprecatedDeclaration]
 85 |     let outbox = try ActionOutboxStore(databaseURL: databaseURL)
 86 |     let policyStore = try PolicyStore(databaseURL: databaseURL)
 87 |     _ = try policyStore.save(.defaults(timeZoneIdentifier: "Africa/Cairo"))
    |                         `- warning: 'save' is deprecated: Use saveMutation for user-driven writes. This escape hatch is only for system maintenance and bootstrap. [#DeprecatedDeclaration]
 88 |     let router = try makeRescheduleRouter(
 89 |         databaseURL: databaseURL,

[#DeprecatedDeclaration]: <https://docs.swift.org/compiler/documentation/diagnostics/deprecated-declaration>
[289/357] Compiling ZoidCoachAppTests RuntimeSafetyAndCapturePolicyTests.swift
/private/tmp/zoid-integrate-zc037-compact-helper/Tests/ZoidCoachAppTests/ReminderRescheduleSyncStateTests.swift:87:25: warning: 'save' is deprecated: Use saveMutation for user-driven writes. This escape hatch is only for system maintenance and bootstrap. [#DeprecatedDeclaration]
 85 |     let outbox = try ActionOutboxStore(databaseURL: databaseURL)
 86 |     let policyStore = try PolicyStore(databaseURL: databaseURL)
 87 |     _ = try policyStore.save(.defaults(timeZoneIdentifier: "Africa/Cairo"))
    |                         `- warning: 'save' is deprecated: Use saveMutation for user-driven writes. This escape hatch is only for system maintenance and bootstrap. [#DeprecatedDeclaration]
 88 |     let router = try makeRescheduleRouter(
 89 |         databaseURL: databaseURL,

[#DeprecatedDeclaration]: <https://docs.swift.org/compiler/documentation/diagnostics/deprecated-declaration>
[290/357] Compiling ZoidCoachAppTests ScreenContextSelectorTests.swift
/private/tmp/zoid-integrate-zc037-compact-helper/Tests/ZoidCoachAppTests/ScreenwatchArchiveTests.swift:96:25: warning: 'save' is deprecated: Use saveMutation for user-driven writes. This escape hatch is only for system maintenance and bootstrap. [#DeprecatedDeclaration]
 94 |     let clock = ArchivePolicyClock(Date(timeIntervalSince1970: 1_783_663_190))
 95 |     let policyStore = try PolicyStore(databaseURL: databaseURL, now: { clock.now })
 96 |     _ = try policyStore.save(archivePolicy(work: [], gaming: ["Steam"]))
    |                         `- warning: 'save' is deprecated: Use saveMutation for user-driven writes. This escape hatch is only for system maintenance and bootstrap. [#DeprecatedDeclaration]
 97 |     clock.now = Date(timeIntervalSince1970: 1_783_663_203)
 98 |     _ = try policyStore.save(archivePolicy(work: ["Steam"], gaming: []))

/private/tmp/zoid-integrate-zc037-compact-helper/Tests/ZoidCoachAppTests/ScreenwatchArchiveTests.swift:98:25: warning: 'save' is deprecated: Use saveMutation for user-driven writes. This escape hatch is only for system maintenance and bootstrap. [#DeprecatedDeclaration]
 96 |     _ = try policyStore.save(archivePolicy(work: [], gaming: ["Steam"]))
 97 |     clock.now = Date(timeIntervalSince1970: 1_783_663_203)
 98 |     _ = try policyStore.save(archivePolicy(work: ["Steam"], gaming: []))
    |                         `- warning: 'save' is deprecated: Use saveMutation for user-driven writes. This escape hatch is only for system maintenance and bootstrap. [#DeprecatedDeclaration]
 99 |     let log = """
100 |     {"t":"09-00-00","epoch":1783663200,"app":"Steam","window":"Game","url":"","img":false}

/private/tmp/zoid-integrate-zc037-compact-helper/Tests/ZoidCoachAppTests/ScreenwatchArchiveTests.swift:110:25: warning: 'save' is deprecated: Use saveMutation for user-driven writes. This escape hatch is only for system maintenance and bootstrap. [#DeprecatedDeclaration]
108 |     let firstRead = try archive.behaviorObservations(for: Date(timeIntervalSince1970: 1_783_663_210))
109 |     clock.now = Date(timeIntervalSince1970: 1_783_663_220)
110 |     _ = try policyStore.save(archivePolicy(work: [], gaming: ["Steam"]))
    |                         `- warning: 'save' is deprecated: Use saveMutation for user-driven writes. This escape hatch is only for system maintenance and bootstrap. [#DeprecatedDeclaration]
111 |     let secondRead = try archive.behaviorObservations(for: Date(timeIntervalSince1970: 1_783_663_210))
112 | 

/private/tmp/zoid-integrate-zc037-compact-helper/Tests/ZoidCoachAppTests/ScreenwatchArchiveTests.swift:162:25: warning: 'save' is deprecated: Use saveMutation for user-driven writes. This escape hatch is only for system maintenance and bootstrap. [#DeprecatedDeclaration]
160 |         now: { Date(timeIntervalSince1970: 1_783_663_190) }
161 |     )
162 |     _ = try policyStore.save(archivePolicy(work: [], gaming: ["Slack"]))
    |                         `- warning: 'save' is deprecated: Use saveMutation for user-driven writes. This escape hatch is only for system maintenance and bootstrap. [#DeprecatedDeclaration]
163 |     let log = """
164 |     {"t":"09-00-00","epoch":1783663200,"app":"Slack","window":"Engineering project workspace","url":"","img":false}

/private/tmp/zoid-integrate-zc037-compact-helper/Tests/ZoidCoachAppTests/SettingsPolicyDraftTests.swift:496:19: warning: 'save' is deprecated: Use saveMutation for user-driven writes. This escape hatch is only for system maintenance and bootstrap. [#DeprecatedDeclaration]
 494 |     let store = try PolicyStore(databaseURL: databaseURL)
 495 |     let first = UserPolicy.defaults(timeZoneIdentifier: "UTC")
 496 |     _ = try store.save(first)
     |                   `- warning: 'save' is deprecated: Use saveMutation for user-driven writes. This escape hatch is only for system maintenance and bootstrap. [#DeprecatedDeclaration]
 497 |     var changedDraft = SettingsPolicyDraft(policy: first)
 498 |     changedDraft.capacityPercent = 85

/private/tmp/zoid-integrate-zc037-compact-helper/Tests/ZoidCoachAppTests/SettingsPolicyDraftTests.swift:499:19: warning: 'save' is deprecated: Use saveMutation for user-driven writes. This escape hatch is only for system maintenance and bootstrap. [#DeprecatedDeclaration]
 497 |     var changedDraft = SettingsPolicyDraft(policy: first)
 498 |     changedDraft.capacityPercent = 85
 499 |     _ = try store.save(changedDraft.policy(preserving: first))
     |                   `- warning: 'save' is deprecated: Use saveMutation for user-driven writes. This escape hatch is only for system maintenance and bootstrap. [#DeprecatedDeclaration]
 500 |     let controller = SettingsPolicyController(databaseURL: databaseURL) { request in
 501 |         let saved = try store.saveMutation(request)

/private/tmp/zoid-integrate-zc037-compact-helper/Tests/ZoidCoachAppTests/SettingsPolicyDraftTests.swift:527:19: warning: 'save' is deprecated: Use saveMutation for user-driven writes. This escape hatch is only for system maintenance and bootstrap. [#DeprecatedDeclaration]
 525 |     }
 526 |     let store = try PolicyStore(databaseURL: databaseURL)
 527 |     _ = try store.save(.defaults(timeZoneIdentifier: "UTC"))
     |                   `- warning: 'save' is deprecated: Use saveMutation for user-driven writes. This escape hatch is only for system maintenance and bootstrap. [#DeprecatedDeclaration]
 528 |     let referenceDate = try #require(ISO8601DateFormatter().date(from: "2026-07-14T00:30:00Z"))
 529 |     let warning = TimeZonePlanMoveWarning(

/private/tmp/zoid-integrate-zc037-compact-helper/Tests/ZoidCoachAppTests/SettingsPolicyDraftTests.swift:619:19: warning: 'save' is deprecated: Use saveMutation for user-driven writes. This escape hatch is only for system maintenance and bootstrap. [#DeprecatedDeclaration]
 617 |     }
 618 |     let store = try PolicyStore(databaseURL: databaseURL)
 619 |     _ = try store.save(.defaults(timeZoneIdentifier: "UTC"))
     |                   `- warning: 'save' is deprecated: Use saveMutation for user-driven writes. This escape hatch is only for system maintenance and bootstrap. [#DeprecatedDeclaration]
 620 |     let controller = SettingsPolicyController(
 621 |         databaseURL: databaseURL,

/private/tmp/zoid-integrate-zc037-compact-helper/Tests/ZoidCoachAppTests/SettingsPolicyDraftTests.swift:652:19: warning: 'save' is deprecated: Use saveMutation for user-driven writes. This escape hatch is only for system maintenance and bootstrap. [#DeprecatedDeclaration]
 650 |     }
 651 |     let store = try PolicyStore(databaseURL: databaseURL)
 652 |     _ = try store.save(.defaults(timeZoneIdentifier: "UTC"))
     |                   `- warning: 'save' is deprecated: Use saveMutation for user-driven writes. This escape hatch is only for system maintenance and bootstrap. [#DeprecatedDeclaration]
 653 |     let controller = SettingsPolicyController(
 654 |         databaseURL: databaseURL,

/private/tmp/zoid-integrate-zc037-compact-helper/Tests/ZoidCoachAppTests/SettingsPolicyDraftTests.swift:678:19: warning: 'save' is deprecated: Use saveMutation for user-driven writes. This escape hatch is only for system maintenance and bootstrap. [#DeprecatedDeclaration]
 676 |     let referenceDate = try #require(ISO8601DateFormatter().date(from: "2026-07-14T00:30:00Z"))
 677 |     let store = try PolicyStore(databaseURL: databaseURL)
 678 |     _ = try store.save(.defaults(timeZoneIdentifier: "UTC"))
     |                   `- warning: 'save' is deprecated: Use saveMutation for user-driven writes. This escape hatch is only for system maintenance and bootstrap. [#DeprecatedDeclaration]
 679 |     let sourcePlanStore = try AutonomousPlanStore(databaseURL: databaseURL, timeZoneIdentifier: { "UTC" })
 680 |     try sourcePlanStore.replaceDailyPlan(

/private/tmp/zoid-integrate-zc037-compact-helper/Tests/ZoidCoachAppTests/SettingsPolicyDraftTests.swift:857:19: warning: 'save' is deprecated: Use saveMutation for user-driven writes. This escape hatch is only for system maintenance and bootstrap. [#DeprecatedDeclaration]
 855 |     }
 856 |     let store = try PolicyStore(databaseURL: databaseURL)
 857 |     _ = try store.save(.defaults(timeZoneIdentifier: "UTC"))
     |                   `- warning: 'save' is deprecated: Use saveMutation for user-driven writes. This escape hatch is only for system maintenance and bootstrap. [#DeprecatedDeclaration]
 858 |     let controller = SettingsPolicyController(databaseURL: databaseURL) { request in
 859 |         let saved = try store.saveMutation(request)

/private/tmp/zoid-integrate-zc037-compact-helper/Tests/ZoidCoachAppTests/SettingsPolicyDraftTests.swift:891:19: warning: 'save' is deprecated: Use saveMutation for user-driven writes. This escape hatch is only for system maintenance and bootstrap. [#DeprecatedDeclaration]
 889 |     }
 890 |     let store = try PolicyStore(databaseURL: databaseURL)
 891 |     _ = try store.save(.defaults(timeZoneIdentifier: "UTC"))
     |                   `- warning: 'save' is deprecated: Use saveMutation for user-driven writes. This escape hatch is only for system maintenance and bootstrap. [#DeprecatedDeclaration]
 892 |     let controller = SettingsPolicyController(databaseURL: databaseURL) { request in
 893 |         let saved = try store.saveMutation(request)

/private/tmp/zoid-integrate-zc037-compact-helper/Tests/ZoidCoachAppTests/SettingsPolicyDraftTests.swift:936:19: warning: 'save' is deprecated: Use saveMutation for user-driven writes. This escape hatch is only for system maintenance and bootstrap. [#DeprecatedDeclaration]
 934 |     }
 935 |     let store = try PolicyStore(databaseURL: databaseURL)
 936 |     _ = try store.save(.defaults(timeZoneIdentifier: "Africa/Cairo"))
     |                   `- warning: 'save' is deprecated: Use saveMutation for user-driven writes. This escape hatch is only for system maintenance and bootstrap. [#DeprecatedDeclaration]
 937 |     let controller = SettingsPolicyController(databaseURL: databaseURL) { request in
 938 |         let saved = try store.saveMutation(request)

/private/tmp/zoid-integrate-zc037-compact-helper/Tests/ZoidCoachAppTests/SettingsPolicyDraftTests.swift:981:19: warning: 'save' is deprecated: Use saveMutation for user-driven writes. This escape hatch is only for system maintenance and bootstrap. [#DeprecatedDeclaration]
 979 |     }
 980 |     let store = try PolicyStore(databaseURL: databaseURL)
 981 |     _ = try store.save(.defaults(timeZoneIdentifier: "UTC"))
     |                   `- warning: 'save' is deprecated: Use saveMutation for user-driven writes. This escape hatch is only for system maintenance and bootstrap. [#DeprecatedDeclaration]
 982 |     let apply: @Sendable (PolicyMutationRequest) async throws -> AgentMutationReceipt = { request in
 983 |         let receipt = try store.saveMutation(request)

/private/tmp/zoid-integrate-zc037-compact-helper/Tests/ZoidCoachAppTests/SettingsPolicyDraftTests.swift:1149:19: warning: 'save' is deprecated: Use saveMutation for user-driven writes. This escape hatch is only for system maintenance and bootstrap. [#DeprecatedDeclaration]
1147 |     }
1148 |     let store = try PolicyStore(databaseURL: databaseURL)
1149 |     _ = try store.save(.defaults(timeZoneIdentifier: "UTC"))
     |                   `- warning: 'save' is deprecated: Use saveMutation for user-driven writes. This escape hatch is only for system maintenance and bootstrap. [#DeprecatedDeclaration]
1150 |     let controller = SettingsPolicyController(databaseURL: databaseURL) { _ in
1151 |         AgentMutationReceipt(accepted: true, message: "saved", policyVersion: 2)

[#DeprecatedDeclaration]: <https://docs.swift.org/compiler/documentation/diagnostics/deprecated-declaration>
[291/357] Compiling ZoidCoachAppTests ScreenwatchArchiveTests.swift
/private/tmp/zoid-integrate-zc037-compact-helper/Tests/ZoidCoachAppTests/ScreenwatchArchiveTests.swift:96:25: warning: 'save' is deprecated: Use saveMutation for user-driven writes. This escape hatch is only for system maintenance and bootstrap. [#DeprecatedDeclaration]
 94 |     let clock = ArchivePolicyClock(Date(timeIntervalSince1970: 1_783_663_190))
 95 |     let policyStore = try PolicyStore(databaseURL: databaseURL, now: { clock.now })
 96 |     _ = try policyStore.save(archivePolicy(work: [], gaming: ["Steam"]))
    |                         `- warning: 'save' is deprecated: Use saveMutation for user-driven writes. This escape hatch is only for system maintenance and bootstrap. [#DeprecatedDeclaration]
 97 |     clock.now = Date(timeIntervalSince1970: 1_783_663_203)
 98 |     _ = try policyStore.save(archivePolicy(work: ["Steam"], gaming: []))

/private/tmp/zoid-integrate-zc037-compact-helper/Tests/ZoidCoachAppTests/ScreenwatchArchiveTests.swift:98:25: warning: 'save' is deprecated: Use saveMutation for user-driven writes. This escape hatch is only for system maintenance and bootstrap. [#DeprecatedDeclaration]
 96 |     _ = try policyStore.save(archivePolicy(work: [], gaming: ["Steam"]))
 97 |     clock.now = Date(timeIntervalSince1970: 1_783_663_203)
 98 |     _ = try policyStore.save(archivePolicy(work: ["Steam"], gaming: []))
    |                         `- warning: 'save' is deprecated: Use saveMutation for user-driven writes. This escape hatch is only for system maintenance and bootstrap. [#DeprecatedDeclaration]
 99 |     let log = """
100 |     {"t":"09-00-00","epoch":1783663200,"app":"Steam","window":"Game","url":"","img":false}

/private/tmp/zoid-integrate-zc037-compact-helper/Tests/ZoidCoachAppTests/ScreenwatchArchiveTests.swift:110:25: warning: 'save' is deprecated: Use saveMutation for user-driven writes. This escape hatch is only for system maintenance and bootstrap. [#DeprecatedDeclaration]
108 |     let firstRead = try archive.behaviorObservations(for: Date(timeIntervalSince1970: 1_783_663_210))
109 |     clock.now = Date(timeIntervalSince1970: 1_783_663_220)
110 |     _ = try policyStore.save(archivePolicy(work: [], gaming: ["Steam"]))
    |                         `- warning: 'save' is deprecated: Use saveMutation for user-driven writes. This escape hatch is only for system maintenance and bootstrap. [#DeprecatedDeclaration]
111 |     let secondRead = try archive.behaviorObservations(for: Date(timeIntervalSince1970: 1_783_663_210))
112 | 

/private/tmp/zoid-integrate-zc037-compact-helper/Tests/ZoidCoachAppTests/ScreenwatchArchiveTests.swift:162:25: warning: 'save' is deprecated: Use saveMutation for user-driven writes. This escape hatch is only for system maintenance and bootstrap. [#DeprecatedDeclaration]
160 |         now: { Date(timeIntervalSince1970: 1_783_663_190) }
161 |     )
162 |     _ = try policyStore.save(archivePolicy(work: [], gaming: ["Slack"]))
    |                         `- warning: 'save' is deprecated: Use saveMutation for user-driven writes. This escape hatch is only for system maintenance and bootstrap. [#DeprecatedDeclaration]
163 |     let log = """
164 |     {"t":"09-00-00","epoch":1783663200,"app":"Slack","window":"Engineering project workspace","url":"","img":false}

/private/tmp/zoid-integrate-zc037-compact-helper/Tests/ZoidCoachAppTests/SettingsPolicyDraftTests.swift:496:19: warning: 'save' is deprecated: Use saveMutation for user-driven writes. This escape hatch is only for system maintenance and bootstrap. [#DeprecatedDeclaration]
 494 |     let store = try PolicyStore(databaseURL: databaseURL)
 495 |     let first = UserPolicy.defaults(timeZoneIdentifier: "UTC")
 496 |     _ = try store.save(first)
     |                   `- warning: 'save' is deprecated: Use saveMutation for user-driven writes. This escape hatch is only for system maintenance and bootstrap. [#DeprecatedDeclaration]
 497 |     var changedDraft = SettingsPolicyDraft(policy: first)
 498 |     changedDraft.capacityPercent = 85

/private/tmp/zoid-integrate-zc037-compact-helper/Tests/ZoidCoachAppTests/SettingsPolicyDraftTests.swift:499:19: warning: 'save' is deprecated: Use saveMutation for user-driven writes. This escape hatch is only for system maintenance and bootstrap. [#DeprecatedDeclaration]
 497 |     var changedDraft = SettingsPolicyDraft(policy: first)
 498 |     changedDraft.capacityPercent = 85
 499 |     _ = try store.save(changedDraft.policy(preserving: first))
     |                   `- warning: 'save' is deprecated: Use saveMutation for user-driven writes. This escape hatch is only for system maintenance and bootstrap. [#DeprecatedDeclaration]
 500 |     let controller = SettingsPolicyController(databaseURL: databaseURL) { request in
 501 |         let saved = try store.saveMutation(request)

/private/tmp/zoid-integrate-zc037-compact-helper/Tests/ZoidCoachAppTests/SettingsPolicyDraftTests.swift:527:19: warning: 'save' is deprecated: Use saveMutation for user-driven writes. This escape hatch is only for system maintenance and bootstrap. [#DeprecatedDeclaration]
 525 |     }
 526 |     let store = try PolicyStore(databaseURL: databaseURL)
 527 |     _ = try store.save(.defaults(timeZoneIdentifier: "UTC"))
     |                   `- warning: 'save' is deprecated: Use saveMutation for user-driven writes. This escape hatch is only for system maintenance and bootstrap. [#DeprecatedDeclaration]
 528 |     let referenceDate = try #require(ISO8601DateFormatter().date(from: "2026-07-14T00:30:00Z"))
 529 |     let warning = TimeZonePlanMoveWarning(

/private/tmp/zoid-integrate-zc037-compact-helper/Tests/ZoidCoachAppTests/SettingsPolicyDraftTests.swift:619:19: warning: 'save' is deprecated: Use saveMutation for user-driven writes. This escape hatch is only for system maintenance and bootstrap. [#DeprecatedDeclaration]
 617 |     }
 618 |     let store = try PolicyStore(databaseURL: databaseURL)
 619 |     _ = try store.save(.defaults(timeZoneIdentifier: "UTC"))
     |                   `- warning: 'save' is deprecated: Use saveMutation for user-driven writes. This escape hatch is only for system maintenance and bootstrap. [#DeprecatedDeclaration]
 620 |     let controller = SettingsPolicyController(
 621 |         databaseURL: databaseURL,

/private/tmp/zoid-integrate-zc037-compact-helper/Tests/ZoidCoachAppTests/SettingsPolicyDraftTests.swift:652:19: warning: 'save' is deprecated: Use saveMutation for user-driven writes. This escape hatch is only for system maintenance and bootstrap. [#DeprecatedDeclaration]
 650 |     }
 651 |     let store = try PolicyStore(databaseURL: databaseURL)
 652 |     _ = try store.save(.defaults(timeZoneIdentifier: "UTC"))
     |                   `- warning: 'save' is deprecated: Use saveMutation for user-driven writes. This escape hatch is only for system maintenance and bootstrap. [#DeprecatedDeclaration]
 653 |     let controller = SettingsPolicyController(
 654 |         databaseURL: databaseURL,

/private/tmp/zoid-integrate-zc037-compact-helper/Tests/ZoidCoachAppTests/SettingsPolicyDraftTests.swift:678:19: warning: 'save' is deprecated: Use saveMutation for user-driven writes. This escape hatch is only for system maintenance and bootstrap. [#DeprecatedDeclaration]
 676 |     let referenceDate = try #require(ISO8601DateFormatter().date(from: "2026-07-14T00:30:00Z"))
 677 |     let store = try PolicyStore(databaseURL: databaseURL)
 678 |     _ = try store.save(.defaults(timeZoneIdentifier: "UTC"))
     |                   `- warning: 'save' is deprecated: Use saveMutation for user-driven writes. This escape hatch is only for system maintenance and bootstrap. [#DeprecatedDeclaration]
 679 |     let sourcePlanStore = try AutonomousPlanStore(databaseURL: databaseURL, timeZoneIdentifier: { "UTC" })
 680 |     try sourcePlanStore.replaceDailyPlan(

/private/tmp/zoid-integrate-zc037-compact-helper/Tests/ZoidCoachAppTests/SettingsPolicyDraftTests.swift:857:19: warning: 'save' is deprecated: Use saveMutation for user-driven writes. This escape hatch is only for system maintenance and bootstrap. [#DeprecatedDeclaration]
 855 |     }
 856 |     let store = try PolicyStore(databaseURL: databaseURL)
 857 |     _ = try store.save(.defaults(timeZoneIdentifier: "UTC"))
     |                   `- warning: 'save' is deprecated: Use saveMutation for user-driven writes. This escape hatch is only for system maintenance and bootstrap. [#DeprecatedDeclaration]
 858 |     let controller = SettingsPolicyController(databaseURL: databaseURL) { request in
 859 |         let saved = try store.saveMutation(request)

/private/tmp/zoid-integrate-zc037-compact-helper/Tests/ZoidCoachAppTests/SettingsPolicyDraftTests.swift:891:19: warning: 'save' is deprecated: Use saveMutation for user-driven writes. This escape hatch is only for system maintenance and bootstrap. [#DeprecatedDeclaration]
 889 |     }
 890 |     let store = try PolicyStore(databaseURL: databaseURL)
 891 |     _ = try store.save(.defaults(timeZoneIdentifier: "UTC"))
     |                   `- warning: 'save' is deprecated: Use saveMutation for user-driven writes. This escape hatch is only for system maintenance and bootstrap. [#DeprecatedDeclaration]
 892 |     let controller = SettingsPolicyController(databaseURL: databaseURL) { request in
 893 |         let saved = try store.saveMutation(request)

/private/tmp/zoid-integrate-zc037-compact-helper/Tests/ZoidCoachAppTests/SettingsPolicyDraftTests.swift:936:19: warning: 'save' is deprecated: Use saveMutation for user-driven writes. This escape hatch is only for system maintenance and bootstrap. [#DeprecatedDeclaration]
 934 |     }
 935 |     let store = try PolicyStore(databaseURL: databaseURL)
 936 |     _ = try store.save(.defaults(timeZoneIdentifier: "Africa/Cairo"))
     |                   `- warning: 'save' is deprecated: Use saveMutation for user-driven writes. This escape hatch is only for system maintenance and bootstrap. [#DeprecatedDeclaration]
 937 |     let controller = SettingsPolicyController(databaseURL: databaseURL) { request in
 938 |         let saved = try store.saveMutation(request)

/private/tmp/zoid-integrate-zc037-compact-helper/Tests/ZoidCoachAppTests/SettingsPolicyDraftTests.swift:981:19: warning: 'save' is deprecated: Use saveMutation for user-driven writes. This escape hatch is only for system maintenance and bootstrap. [#DeprecatedDeclaration]
 979 |     }
 980 |     let store = try PolicyStore(databaseURL: databaseURL)
 981 |     _ = try store.save(.defaults(timeZoneIdentifier: "UTC"))
     |                   `- warning: 'save' is deprecated: Use saveMutation for user-driven writes. This escape hatch is only for system maintenance and bootstrap. [#DeprecatedDeclaration]
 982 |     let apply: @Sendable (PolicyMutationRequest) async throws -> AgentMutationReceipt = { request in
 983 |         let receipt = try store.saveMutation(request)

/private/tmp/zoid-integrate-zc037-compact-helper/Tests/ZoidCoachAppTests/SettingsPolicyDraftTests.swift:1149:19: warning: 'save' is deprecated: Use saveMutation for user-driven writes. This escape hatch is only for system maintenance and bootstrap. [#DeprecatedDeclaration]
1147 |     }
1148 |     let store = try PolicyStore(databaseURL: databaseURL)
1149 |     _ = try store.save(.defaults(timeZoneIdentifier: "UTC"))
     |                   `- warning: 'save' is deprecated: Use saveMutation for user-driven writes. This escape hatch is only for system maintenance and bootstrap. [#DeprecatedDeclaration]
1150 |     let controller = SettingsPolicyController(databaseURL: databaseURL) { _ in
1151 |         AgentMutationReceipt(accepted: true, message: "saved", policyVersion: 2)

[#DeprecatedDeclaration]: <https://docs.swift.org/compiler/documentation/diagnostics/deprecated-declaration>
[292/357] Compiling ZoidCoachAppTests ScreenwatchConnectionControllerTests.swift
/private/tmp/zoid-integrate-zc037-compact-helper/Tests/ZoidCoachAppTests/ScreenwatchArchiveTests.swift:96:25: warning: 'save' is deprecated: Use saveMutation for user-driven writes. This escape hatch is only for system maintenance and bootstrap. [#DeprecatedDeclaration]
 94 |     let clock = ArchivePolicyClock(Date(timeIntervalSince1970: 1_783_663_190))
 95 |     let policyStore = try PolicyStore(databaseURL: databaseURL, now: { clock.now })
 96 |     _ = try policyStore.save(archivePolicy(work: [], gaming: ["Steam"]))
    |                         `- warning: 'save' is deprecated: Use saveMutation for user-driven writes. This escape hatch is only for system maintenance and bootstrap. [#DeprecatedDeclaration]
 97 |     clock.now = Date(timeIntervalSince1970: 1_783_663_203)
 98 |     _ = try policyStore.save(archivePolicy(work: ["Steam"], gaming: []))

/private/tmp/zoid-integrate-zc037-compact-helper/Tests/ZoidCoachAppTests/ScreenwatchArchiveTests.swift:98:25: warning: 'save' is deprecated: Use saveMutation for user-driven writes. This escape hatch is only for system maintenance and bootstrap. [#DeprecatedDeclaration]
 96 |     _ = try policyStore.save(archivePolicy(work: [], gaming: ["Steam"]))
 97 |     clock.now = Date(timeIntervalSince1970: 1_783_663_203)
 98 |     _ = try policyStore.save(archivePolicy(work: ["Steam"], gaming: []))
    |                         `- warning: 'save' is deprecated: Use saveMutation for user-driven writes. This escape hatch is only for system maintenance and bootstrap. [#DeprecatedDeclaration]
 99 |     let log = """
100 |     {"t":"09-00-00","epoch":1783663200,"app":"Steam","window":"Game","url":"","img":false}

/private/tmp/zoid-integrate-zc037-compact-helper/Tests/ZoidCoachAppTests/ScreenwatchArchiveTests.swift:110:25: warning: 'save' is deprecated: Use saveMutation for user-driven writes. This escape hatch is only for system maintenance and bootstrap. [#DeprecatedDeclaration]
108 |     let firstRead = try archive.behaviorObservations(for: Date(timeIntervalSince1970: 1_783_663_210))
109 |     clock.now = Date(timeIntervalSince1970: 1_783_663_220)
110 |     _ = try policyStore.save(archivePolicy(work: [], gaming: ["Steam"]))
    |                         `- warning: 'save' is deprecated: Use saveMutation for user-driven writes. This escape hatch is only for system maintenance and bootstrap. [#DeprecatedDeclaration]
111 |     let secondRead = try archive.behaviorObservations(for: Date(timeIntervalSince1970: 1_783_663_210))
112 | 

/private/tmp/zoid-integrate-zc037-compact-helper/Tests/ZoidCoachAppTests/ScreenwatchArchiveTests.swift:162:25: warning: 'save' is deprecated: Use saveMutation for user-driven writes. This escape hatch is only for system maintenance and bootstrap. [#DeprecatedDeclaration]
160 |         now: { Date(timeIntervalSince1970: 1_783_663_190) }
161 |     )
162 |     _ = try policyStore.save(archivePolicy(work: [], gaming: ["Slack"]))
    |                         `- warning: 'save' is deprecated: Use saveMutation for user-driven writes. This escape hatch is only for system maintenance and bootstrap. [#DeprecatedDeclaration]
163 |     let log = """
164 |     {"t":"09-00-00","epoch":1783663200,"app":"Slack","window":"Engineering project workspace","url":"","img":false}

/private/tmp/zoid-integrate-zc037-compact-helper/Tests/ZoidCoachAppTests/SettingsPolicyDraftTests.swift:496:19: warning: 'save' is deprecated: Use saveMutation for user-driven writes. This escape hatch is only for system maintenance and bootstrap. [#DeprecatedDeclaration]
 494 |     let store = try PolicyStore(databaseURL: databaseURL)
 495 |     let first = UserPolicy.defaults(timeZoneIdentifier: "UTC")
 496 |     _ = try store.save(first)
     |                   `- warning: 'save' is deprecated: Use saveMutation for user-driven writes. This escape hatch is only for system maintenance and bootstrap. [#DeprecatedDeclaration]
 497 |     var changedDraft = SettingsPolicyDraft(policy: first)
 498 |     changedDraft.capacityPercent = 85

/private/tmp/zoid-integrate-zc037-compact-helper/Tests/ZoidCoachAppTests/SettingsPolicyDraftTests.swift:499:19: warning: 'save' is deprecated: Use saveMutation for user-driven writes. This escape hatch is only for system maintenance and bootstrap. [#DeprecatedDeclaration]
 497 |     var changedDraft = SettingsPolicyDraft(policy: first)
 498 |     changedDraft.capacityPercent = 85
 499 |     _ = try store.save(changedDraft.policy(preserving: first))
     |                   `- warning: 'save' is deprecated: Use saveMutation for user-driven writes. This escape hatch is only for system maintenance and bootstrap. [#DeprecatedDeclaration]
 500 |     let controller = SettingsPolicyController(databaseURL: databaseURL) { request in
 501 |         let saved = try store.saveMutation(request)

/private/tmp/zoid-integrate-zc037-compact-helper/Tests/ZoidCoachAppTests/SettingsPolicyDraftTests.swift:527:19: warning: 'save' is deprecated: Use saveMutation for user-driven writes. This escape hatch is only for system maintenance and bootstrap. [#DeprecatedDeclaration]
 525 |     }
 526 |     let store = try PolicyStore(databaseURL: databaseURL)
 527 |     _ = try store.save(.defaults(timeZoneIdentifier: "UTC"))
     |                   `- warning: 'save' is deprecated: Use saveMutation for user-driven writes. This escape hatch is only for system maintenance and bootstrap. [#DeprecatedDeclaration]
 528 |     let referenceDate = try #require(ISO8601DateFormatter().date(from: "2026-07-14T00:30:00Z"))
 529 |     let warning = TimeZonePlanMoveWarning(

/private/tmp/zoid-integrate-zc037-compact-helper/Tests/ZoidCoachAppTests/SettingsPolicyDraftTests.swift:619:19: warning: 'save' is deprecated: Use saveMutation for user-driven writes. This escape hatch is only for system maintenance and bootstrap. [#DeprecatedDeclaration]
 617 |     }
 618 |     let store = try PolicyStore(databaseURL: databaseURL)
 619 |     _ = try store.save(.defaults(timeZoneIdentifier: "UTC"))
     |                   `- warning: 'save' is deprecated: Use saveMutation for user-driven writes. This escape hatch is only for system maintenance and bootstrap. [#DeprecatedDeclaration]
 620 |     let controller = SettingsPolicyController(
 621 |         databaseURL: databaseURL,

/private/tmp/zoid-integrate-zc037-compact-helper/Tests/ZoidCoachAppTests/SettingsPolicyDraftTests.swift:652:19: warning: 'save' is deprecated: Use saveMutation for user-driven writes. This escape hatch is only for system maintenance and bootstrap. [#DeprecatedDeclaration]
 650 |     }
 651 |     let store = try PolicyStore(databaseURL: databaseURL)
 652 |     _ = try store.save(.defaults(timeZoneIdentifier: "UTC"))
     |                   `- warning: 'save' is deprecated: Use saveMutation for user-driven writes. This escape hatch is only for system maintenance and bootstrap. [#DeprecatedDeclaration]
 653 |     let controller = SettingsPolicyController(
 654 |         databaseURL: databaseURL,

/private/tmp/zoid-integrate-zc037-compact-helper/Tests/ZoidCoachAppTests/SettingsPolicyDraftTests.swift:678:19: warning: 'save' is deprecated: Use saveMutation for user-driven writes. This escape hatch is only for system maintenance and bootstrap. [#DeprecatedDeclaration]
 676 |     let referenceDate = try #require(ISO8601DateFormatter().date(from: "2026-07-14T00:30:00Z"))
 677 |     let store = try PolicyStore(databaseURL: databaseURL)
 678 |     _ = try store.save(.defaults(timeZoneIdentifier: "UTC"))
     |                   `- warning: 'save' is deprecated: Use saveMutation for user-driven writes. This escape hatch is only for system maintenance and bootstrap. [#DeprecatedDeclaration]
 679 |     let sourcePlanStore = try AutonomousPlanStore(databaseURL: databaseURL, timeZoneIdentifier: { "UTC" })
 680 |     try sourcePlanStore.replaceDailyPlan(

/private/tmp/zoid-integrate-zc037-compact-helper/Tests/ZoidCoachAppTests/SettingsPolicyDraftTests.swift:857:19: warning: 'save' is deprecated: Use saveMutation for user-driven writes. This escape hatch is only for system maintenance and bootstrap. [#DeprecatedDeclaration]
 855 |     }
 856 |     let store = try PolicyStore(databaseURL: databaseURL)
 857 |     _ = try store.save(.defaults(timeZoneIdentifier: "UTC"))
     |                   `- warning: 'save' is deprecated: Use saveMutation for user-driven writes. This escape hatch is only for system maintenance and bootstrap. [#DeprecatedDeclaration]
 858 |     let controller = SettingsPolicyController(databaseURL: databaseURL) { request in
 859 |         let saved = try store.saveMutation(request)

/private/tmp/zoid-integrate-zc037-compact-helper/Tests/ZoidCoachAppTests/SettingsPolicyDraftTests.swift:891:19: warning: 'save' is deprecated: Use saveMutation for user-driven writes. This escape hatch is only for system maintenance and bootstrap. [#DeprecatedDeclaration]
 889 |     }
 890 |     let store = try PolicyStore(databaseURL: databaseURL)
 891 |     _ = try store.save(.defaults(timeZoneIdentifier: "UTC"))
     |                   `- warning: 'save' is deprecated: Use saveMutation for user-driven writes. This escape hatch is only for system maintenance and bootstrap. [#DeprecatedDeclaration]
 892 |     let controller = SettingsPolicyController(databaseURL: databaseURL) { request in
 893 |         let saved = try store.saveMutation(request)

/private/tmp/zoid-integrate-zc037-compact-helper/Tests/ZoidCoachAppTests/SettingsPolicyDraftTests.swift:936:19: warning: 'save' is deprecated: Use saveMutation for user-driven writes. This escape hatch is only for system maintenance and bootstrap. [#DeprecatedDeclaration]
 934 |     }
 935 |     let store = try PolicyStore(databaseURL: databaseURL)
 936 |     _ = try store.save(.defaults(timeZoneIdentifier: "Africa/Cairo"))
     |                   `- warning: 'save' is deprecated: Use saveMutation for user-driven writes. This escape hatch is only for system maintenance and bootstrap. [#DeprecatedDeclaration]
 937 |     let controller = SettingsPolicyController(databaseURL: databaseURL) { request in
 938 |         let saved = try store.saveMutation(request)

/private/tmp/zoid-integrate-zc037-compact-helper/Tests/ZoidCoachAppTests/SettingsPolicyDraftTests.swift:981:19: warning: 'save' is deprecated: Use saveMutation for user-driven writes. This escape hatch is only for system maintenance and bootstrap. [#DeprecatedDeclaration]
 979 |     }
 980 |     let store = try PolicyStore(databaseURL: databaseURL)
 981 |     _ = try store.save(.defaults(timeZoneIdentifier: "UTC"))
     |                   `- warning: 'save' is deprecated: Use saveMutation for user-driven writes. This escape hatch is only for system maintenance and bootstrap. [#DeprecatedDeclaration]
 982 |     let apply: @Sendable (PolicyMutationRequest) async throws -> AgentMutationReceipt = { request in
 983 |         let receipt = try store.saveMutation(request)

/private/tmp/zoid-integrate-zc037-compact-helper/Tests/ZoidCoachAppTests/SettingsPolicyDraftTests.swift:1149:19: warning: 'save' is deprecated: Use saveMutation for user-driven writes. This escape hatch is only for system maintenance and bootstrap. [#DeprecatedDeclaration]
1147 |     }
1148 |     let store = try PolicyStore(databaseURL: databaseURL)
1149 |     _ = try store.save(.defaults(timeZoneIdentifier: "UTC"))
     |                   `- warning: 'save' is deprecated: Use saveMutation for user-driven writes. This escape hatch is only for system maintenance and bootstrap. [#DeprecatedDeclaration]
1150 |     let controller = SettingsPolicyController(databaseURL: databaseURL) { _ in
1151 |         AgentMutationReceipt(accepted: true, message: "saved", policyVersion: 2)

[#DeprecatedDeclaration]: <https://docs.swift.org/compiler/documentation/diagnostics/deprecated-declaration>
[293/357] Compiling ZoidCoachAppTests ScreenwatchIngestionControlTests.swift
/private/tmp/zoid-integrate-zc037-compact-helper/Tests/ZoidCoachAppTests/ScreenwatchArchiveTests.swift:96:25: warning: 'save' is deprecated: Use saveMutation for user-driven writes. This escape hatch is only for system maintenance and bootstrap. [#DeprecatedDeclaration]
 94 |     let clock = ArchivePolicyClock(Date(timeIntervalSince1970: 1_783_663_190))
 95 |     let policyStore = try PolicyStore(databaseURL: databaseURL, now: { clock.now })
 96 |     _ = try policyStore.save(archivePolicy(work: [], gaming: ["Steam"]))
    |                         `- warning: 'save' is deprecated: Use saveMutation for user-driven writes. This escape hatch is only for system maintenance and bootstrap. [#DeprecatedDeclaration]
 97 |     clock.now = Date(timeIntervalSince1970: 1_783_663_203)
 98 |     _ = try policyStore.save(archivePolicy(work: ["Steam"], gaming: []))

/private/tmp/zoid-integrate-zc037-compact-helper/Tests/ZoidCoachAppTests/ScreenwatchArchiveTests.swift:98:25: warning: 'save' is deprecated: Use saveMutation for user-driven writes. This escape hatch is only for system maintenance and bootstrap. [#DeprecatedDeclaration]
 96 |     _ = try policyStore.save(archivePolicy(work: [], gaming: ["Steam"]))
 97 |     clock.now = Date(timeIntervalSince1970: 1_783_663_203)
 98 |     _ = try policyStore.save(archivePolicy(work: ["Steam"], gaming: []))
    |                         `- warning: 'save' is deprecated: Use saveMutation for user-driven writes. This escape hatch is only for system maintenance and bootstrap. [#DeprecatedDeclaration]
 99 |     let log = """
100 |     {"t":"09-00-00","epoch":1783663200,"app":"Steam","window":"Game","url":"","img":false}

/private/tmp/zoid-integrate-zc037-compact-helper/Tests/ZoidCoachAppTests/ScreenwatchArchiveTests.swift:110:25: warning: 'save' is deprecated: Use saveMutation for user-driven writes. This escape hatch is only for system maintenance and bootstrap. [#DeprecatedDeclaration]
108 |     let firstRead = try archive.behaviorObservations(for: Date(timeIntervalSince1970: 1_783_663_210))
109 |     clock.now = Date(timeIntervalSince1970: 1_783_663_220)
110 |     _ = try policyStore.save(archivePolicy(work: [], gaming: ["Steam"]))
    |                         `- warning: 'save' is deprecated: Use saveMutation for user-driven writes. This escape hatch is only for system maintenance and bootstrap. [#DeprecatedDeclaration]
111 |     let secondRead = try archive.behaviorObservations(for: Date(timeIntervalSince1970: 1_783_663_210))
112 | 

/private/tmp/zoid-integrate-zc037-compact-helper/Tests/ZoidCoachAppTests/ScreenwatchArchiveTests.swift:162:25: warning: 'save' is deprecated: Use saveMutation for user-driven writes. This escape hatch is only for system maintenance and bootstrap. [#DeprecatedDeclaration]
160 |         now: { Date(timeIntervalSince1970: 1_783_663_190) }
161 |     )
162 |     _ = try policyStore.save(archivePolicy(work: [], gaming: ["Slack"]))
    |                         `- warning: 'save' is deprecated: Use saveMutation for user-driven writes. This escape hatch is only for system maintenance and bootstrap. [#DeprecatedDeclaration]
163 |     let log = """
164 |     {"t":"09-00-00","epoch":1783663200,"app":"Slack","window":"Engineering project workspace","url":"","img":false}

/private/tmp/zoid-integrate-zc037-compact-helper/Tests/ZoidCoachAppTests/SettingsPolicyDraftTests.swift:496:19: warning: 'save' is deprecated: Use saveMutation for user-driven writes. This escape hatch is only for system maintenance and bootstrap. [#DeprecatedDeclaration]
 494 |     let store = try PolicyStore(databaseURL: databaseURL)
 495 |     let first = UserPolicy.defaults(timeZoneIdentifier: "UTC")
 496 |     _ = try store.save(first)
     |                   `- warning: 'save' is deprecated: Use saveMutation for user-driven writes. This escape hatch is only for system maintenance and bootstrap. [#DeprecatedDeclaration]
 497 |     var changedDraft = SettingsPolicyDraft(policy: first)
 498 |     changedDraft.capacityPercent = 85

/private/tmp/zoid-integrate-zc037-compact-helper/Tests/ZoidCoachAppTests/SettingsPolicyDraftTests.swift:499:19: warning: 'save' is deprecated: Use saveMutation for user-driven writes. This escape hatch is only for system maintenance and bootstrap. [#DeprecatedDeclaration]
 497 |     var changedDraft = SettingsPolicyDraft(policy: first)
 498 |     changedDraft.capacityPercent = 85
 499 |     _ = try store.save(changedDraft.policy(preserving: first))
     |                   `- warning: 'save' is deprecated: Use saveMutation for user-driven writes. This escape hatch is only for system maintenance and bootstrap. [#DeprecatedDeclaration]
 500 |     let controller = SettingsPolicyController(databaseURL: databaseURL) { request in
 501 |         let saved = try store.saveMutation(request)

/private/tmp/zoid-integrate-zc037-compact-helper/Tests/ZoidCoachAppTests/SettingsPolicyDraftTests.swift:527:19: warning: 'save' is deprecated: Use saveMutation for user-driven writes. This escape hatch is only for system maintenance and bootstrap. [#DeprecatedDeclaration]
 525 |     }
 526 |     let store = try PolicyStore(databaseURL: databaseURL)
 527 |     _ = try store.save(.defaults(timeZoneIdentifier: "UTC"))
     |                   `- warning: 'save' is deprecated: Use saveMutation for user-driven writes. This escape hatch is only for system maintenance and bootstrap. [#DeprecatedDeclaration]
 528 |     let referenceDate = try #require(ISO8601DateFormatter().date(from: "2026-07-14T00:30:00Z"))
 529 |     let warning = TimeZonePlanMoveWarning(

/private/tmp/zoid-integrate-zc037-compact-helper/Tests/ZoidCoachAppTests/SettingsPolicyDraftTests.swift:619:19: warning: 'save' is deprecated: Use saveMutation for user-driven writes. This escape hatch is only for system maintenance and bootstrap. [#DeprecatedDeclaration]
 617 |     }
 618 |     let store = try PolicyStore(databaseURL: databaseURL)
 619 |     _ = try store.save(.defaults(timeZoneIdentifier: "UTC"))
     |                   `- warning: 'save' is deprecated: Use saveMutation for user-driven writes. This escape hatch is only for system maintenance and bootstrap. [#DeprecatedDeclaration]
 620 |     let controller = SettingsPolicyController(
 621 |         databaseURL: databaseURL,

/private/tmp/zoid-integrate-zc037-compact-helper/Tests/ZoidCoachAppTests/SettingsPolicyDraftTests.swift:652:19: warning: 'save' is deprecated: Use saveMutation for user-driven writes. This escape hatch is only for system maintenance and bootstrap. [#DeprecatedDeclaration]
 650 |     }
 651 |     let store = try PolicyStore(databaseURL: databaseURL)
 652 |     _ = try store.save(.defaults(timeZoneIdentifier: "UTC"))
     |                   `- warning: 'save' is deprecated: Use saveMutation for user-driven writes. This escape hatch is only for system maintenance and bootstrap. [#DeprecatedDeclaration]
 653 |     let controller = SettingsPolicyController(
 654 |         databaseURL: databaseURL,

/private/tmp/zoid-integrate-zc037-compact-helper/Tests/ZoidCoachAppTests/SettingsPolicyDraftTests.swift:678:19: warning: 'save' is deprecated: Use saveMutation for user-driven writes. This escape hatch is only for system maintenance and bootstrap. [#DeprecatedDeclaration]
 676 |     let referenceDate = try #require(ISO8601DateFormatter().date(from: "2026-07-14T00:30:00Z"))
 677 |     let store = try PolicyStore(databaseURL: databaseURL)
 678 |     _ = try store.save(.defaults(timeZoneIdentifier: "UTC"))
     |                   `- warning: 'save' is deprecated: Use saveMutation for user-driven writes. This escape hatch is only for system maintenance and bootstrap. [#DeprecatedDeclaration]
 679 |     let sourcePlanStore = try AutonomousPlanStore(databaseURL: databaseURL, timeZoneIdentifier: { "UTC" })
 680 |     try sourcePlanStore.replaceDailyPlan(

/private/tmp/zoid-integrate-zc037-compact-helper/Tests/ZoidCoachAppTests/SettingsPolicyDraftTests.swift:857:19: warning: 'save' is deprecated: Use saveMutation for user-driven writes. This escape hatch is only for system maintenance and bootstrap. [#DeprecatedDeclaration]
 855 |     }
 856 |     let store = try PolicyStore(databaseURL: databaseURL)
 857 |     _ = try store.save(.defaults(timeZoneIdentifier: "UTC"))
     |                   `- warning: 'save' is deprecated: Use saveMutation for user-driven writes. This escape hatch is only for system maintenance and bootstrap. [#DeprecatedDeclaration]
 858 |     let controller = SettingsPolicyController(databaseURL: databaseURL) { request in
 859 |         let saved = try store.saveMutation(request)

/private/tmp/zoid-integrate-zc037-compact-helper/Tests/ZoidCoachAppTests/SettingsPolicyDraftTests.swift:891:19: warning: 'save' is deprecated: Use saveMutation for user-driven writes. This escape hatch is only for system maintenance and bootstrap. [#DeprecatedDeclaration]
 889 |     }
 890 |     let store = try PolicyStore(databaseURL: databaseURL)
 891 |     _ = try store.save(.defaults(timeZoneIdentifier: "UTC"))
     |                   `- warning: 'save' is deprecated: Use saveMutation for user-driven writes. This escape hatch is only for system maintenance and bootstrap. [#DeprecatedDeclaration]
 892 |     let controller = SettingsPolicyController(databaseURL: databaseURL) { request in
 893 |         let saved = try store.saveMutation(request)

/private/tmp/zoid-integrate-zc037-compact-helper/Tests/ZoidCoachAppTests/SettingsPolicyDraftTests.swift:936:19: warning: 'save' is deprecated: Use saveMutation for user-driven writes. This escape hatch is only for system maintenance and bootstrap. [#DeprecatedDeclaration]
 934 |     }
 935 |     let store = try PolicyStore(databaseURL: databaseURL)
 936 |     _ = try store.save(.defaults(timeZoneIdentifier: "Africa/Cairo"))
     |                   `- warning: 'save' is deprecated: Use saveMutation for user-driven writes. This escape hatch is only for system maintenance and bootstrap. [#DeprecatedDeclaration]
 937 |     let controller = SettingsPolicyController(databaseURL: databaseURL) { request in
 938 |         let saved = try store.saveMutation(request)

/private/tmp/zoid-integrate-zc037-compact-helper/Tests/ZoidCoachAppTests/SettingsPolicyDraftTests.swift:981:19: warning: 'save' is deprecated: Use saveMutation for user-driven writes. This escape hatch is only for system maintenance and bootstrap. [#DeprecatedDeclaration]
 979 |     }
 980 |     let store = try PolicyStore(databaseURL: databaseURL)
 981 |     _ = try store.save(.defaults(timeZoneIdentifier: "UTC"))
     |                   `- warning: 'save' is deprecated: Use saveMutation for user-driven writes. This escape hatch is only for system maintenance and bootstrap. [#DeprecatedDeclaration]
 982 |     let apply: @Sendable (PolicyMutationRequest) async throws -> AgentMutationReceipt = { request in
 983 |         let receipt = try store.saveMutation(request)

/private/tmp/zoid-integrate-zc037-compact-helper/Tests/ZoidCoachAppTests/SettingsPolicyDraftTests.swift:1149:19: warning: 'save' is deprecated: Use saveMutation for user-driven writes. This escape hatch is only for system maintenance and bootstrap. [#DeprecatedDeclaration]
1147 |     }
1148 |     let store = try PolicyStore(databaseURL: databaseURL)
1149 |     _ = try store.save(.defaults(timeZoneIdentifier: "UTC"))
     |                   `- warning: 'save' is deprecated: Use saveMutation for user-driven writes. This escape hatch is only for system maintenance and bootstrap. [#DeprecatedDeclaration]
1150 |     let controller = SettingsPolicyController(databaseURL: databaseURL) { _ in
1151 |         AgentMutationReceipt(accepted: true, message: "saved", policyVersion: 2)

[#DeprecatedDeclaration]: <https://docs.swift.org/compiler/documentation/diagnostics/deprecated-declaration>
[294/357] Compiling ZoidCoachAppTests ScreenwatchMaintenanceServiceTests.swift
/private/tmp/zoid-integrate-zc037-compact-helper/Tests/ZoidCoachAppTests/ScreenwatchArchiveTests.swift:96:25: warning: 'save' is deprecated: Use saveMutation for user-driven writes. This escape hatch is only for system maintenance and bootstrap. [#DeprecatedDeclaration]
 94 |     let clock = ArchivePolicyClock(Date(timeIntervalSince1970: 1_783_663_190))
 95 |     let policyStore = try PolicyStore(databaseURL: databaseURL, now: { clock.now })
 96 |     _ = try policyStore.save(archivePolicy(work: [], gaming: ["Steam"]))
    |                         `- warning: 'save' is deprecated: Use saveMutation for user-driven writes. This escape hatch is only for system maintenance and bootstrap. [#DeprecatedDeclaration]
 97 |     clock.now = Date(timeIntervalSince1970: 1_783_663_203)
 98 |     _ = try policyStore.save(archivePolicy(work: ["Steam"], gaming: []))

/private/tmp/zoid-integrate-zc037-compact-helper/Tests/ZoidCoachAppTests/ScreenwatchArchiveTests.swift:98:25: warning: 'save' is deprecated: Use saveMutation for user-driven writes. This escape hatch is only for system maintenance and bootstrap. [#DeprecatedDeclaration]
 96 |     _ = try policyStore.save(archivePolicy(work: [], gaming: ["Steam"]))
 97 |     clock.now = Date(timeIntervalSince1970: 1_783_663_203)
 98 |     _ = try policyStore.save(archivePolicy(work: ["Steam"], gaming: []))
    |                         `- warning: 'save' is deprecated: Use saveMutation for user-driven writes. This escape hatch is only for system maintenance and bootstrap. [#DeprecatedDeclaration]
 99 |     let log = """
100 |     {"t":"09-00-00","epoch":1783663200,"app":"Steam","window":"Game","url":"","img":false}

/private/tmp/zoid-integrate-zc037-compact-helper/Tests/ZoidCoachAppTests/ScreenwatchArchiveTests.swift:110:25: warning: 'save' is deprecated: Use saveMutation for user-driven writes. This escape hatch is only for system maintenance and bootstrap. [#DeprecatedDeclaration]
108 |     let firstRead = try archive.behaviorObservations(for: Date(timeIntervalSince1970: 1_783_663_210))
109 |     clock.now = Date(timeIntervalSince1970: 1_783_663_220)
110 |     _ = try policyStore.save(archivePolicy(work: [], gaming: ["Steam"]))
    |                         `- warning: 'save' is deprecated: Use saveMutation for user-driven writes. This escape hatch is only for system maintenance and bootstrap. [#DeprecatedDeclaration]
111 |     let secondRead = try archive.behaviorObservations(for: Date(timeIntervalSince1970: 1_783_663_210))
112 | 

/private/tmp/zoid-integrate-zc037-compact-helper/Tests/ZoidCoachAppTests/ScreenwatchArchiveTests.swift:162:25: warning: 'save' is deprecated: Use saveMutation for user-driven writes. This escape hatch is only for system maintenance and bootstrap. [#DeprecatedDeclaration]
160 |         now: { Date(timeIntervalSince1970: 1_783_663_190) }
161 |     )
162 |     _ = try policyStore.save(archivePolicy(work: [], gaming: ["Slack"]))
    |                         `- warning: 'save' is deprecated: Use saveMutation for user-driven writes. This escape hatch is only for system maintenance and bootstrap. [#DeprecatedDeclaration]
163 |     let log = """
164 |     {"t":"09-00-00","epoch":1783663200,"app":"Slack","window":"Engineering project workspace","url":"","img":false}

/private/tmp/zoid-integrate-zc037-compact-helper/Tests/ZoidCoachAppTests/SettingsPolicyDraftTests.swift:496:19: warning: 'save' is deprecated: Use saveMutation for user-driven writes. This escape hatch is only for system maintenance and bootstrap. [#DeprecatedDeclaration]
 494 |     let store = try PolicyStore(databaseURL: databaseURL)
 495 |     let first = UserPolicy.defaults(timeZoneIdentifier: "UTC")
 496 |     _ = try store.save(first)
     |                   `- warning: 'save' is deprecated: Use saveMutation for user-driven writes. This escape hatch is only for system maintenance and bootstrap. [#DeprecatedDeclaration]
 497 |     var changedDraft = SettingsPolicyDraft(policy: first)
 498 |     changedDraft.capacityPercent = 85

/private/tmp/zoid-integrate-zc037-compact-helper/Tests/ZoidCoachAppTests/SettingsPolicyDraftTests.swift:499:19: warning: 'save' is deprecated: Use saveMutation for user-driven writes. This escape hatch is only for system maintenance and bootstrap. [#DeprecatedDeclaration]
 497 |     var changedDraft = SettingsPolicyDraft(policy: first)
 498 |     changedDraft.capacityPercent = 85
 499 |     _ = try store.save(changedDraft.policy(preserving: first))
     |                   `- warning: 'save' is deprecated: Use saveMutation for user-driven writes. This escape hatch is only for system maintenance and bootstrap. [#DeprecatedDeclaration]
 500 |     let controller = SettingsPolicyController(databaseURL: databaseURL) { request in
 501 |         let saved = try store.saveMutation(request)

/private/tmp/zoid-integrate-zc037-compact-helper/Tests/ZoidCoachAppTests/SettingsPolicyDraftTests.swift:527:19: warning: 'save' is deprecated: Use saveMutation for user-driven writes. This escape hatch is only for system maintenance and bootstrap. [#DeprecatedDeclaration]
 525 |     }
 526 |     let store = try PolicyStore(databaseURL: databaseURL)
 527 |     _ = try store.save(.defaults(timeZoneIdentifier: "UTC"))
     |                   `- warning: 'save' is deprecated: Use saveMutation for user-driven writes. This escape hatch is only for system maintenance and bootstrap. [#DeprecatedDeclaration]
 528 |     let referenceDate = try #require(ISO8601DateFormatter().date(from: "2026-07-14T00:30:00Z"))
 529 |     let warning = TimeZonePlanMoveWarning(

/private/tmp/zoid-integrate-zc037-compact-helper/Tests/ZoidCoachAppTests/SettingsPolicyDraftTests.swift:619:19: warning: 'save' is deprecated: Use saveMutation for user-driven writes. This escape hatch is only for system maintenance and bootstrap. [#DeprecatedDeclaration]
 617 |     }
 618 |     let store = try PolicyStore(databaseURL: databaseURL)
 619 |     _ = try store.save(.defaults(timeZoneIdentifier: "UTC"))
     |                   `- warning: 'save' is deprecated: Use saveMutation for user-driven writes. This escape hatch is only for system maintenance and bootstrap. [#DeprecatedDeclaration]
 620 |     let controller = SettingsPolicyController(
 621 |         databaseURL: databaseURL,

/private/tmp/zoid-integrate-zc037-compact-helper/Tests/ZoidCoachAppTests/SettingsPolicyDraftTests.swift:652:19: warning: 'save' is deprecated: Use saveMutation for user-driven writes. This escape hatch is only for system maintenance and bootstrap. [#DeprecatedDeclaration]
 650 |     }
 651 |     let store = try PolicyStore(databaseURL: databaseURL)
 652 |     _ = try store.save(.defaults(timeZoneIdentifier: "UTC"))
     |                   `- warning: 'save' is deprecated: Use saveMutation for user-driven writes. This escape hatch is only for system maintenance and bootstrap. [#DeprecatedDeclaration]
 653 |     let controller = SettingsPolicyController(
 654 |         databaseURL: databaseURL,

/private/tmp/zoid-integrate-zc037-compact-helper/Tests/ZoidCoachAppTests/SettingsPolicyDraftTests.swift:678:19: warning: 'save' is deprecated: Use saveMutation for user-driven writes. This escape hatch is only for system maintenance and bootstrap. [#DeprecatedDeclaration]
 676 |     let referenceDate = try #require(ISO8601DateFormatter().date(from: "2026-07-14T00:30:00Z"))
 677 |     let store = try PolicyStore(databaseURL: databaseURL)
 678 |     _ = try store.save(.defaults(timeZoneIdentifier: "UTC"))
     |                   `- warning: 'save' is deprecated: Use saveMutation for user-driven writes. This escape hatch is only for system maintenance and bootstrap. [#DeprecatedDeclaration]
 679 |     let sourcePlanStore = try AutonomousPlanStore(databaseURL: databaseURL, timeZoneIdentifier: { "UTC" })
 680 |     try sourcePlanStore.replaceDailyPlan(

/private/tmp/zoid-integrate-zc037-compact-helper/Tests/ZoidCoachAppTests/SettingsPolicyDraftTests.swift:857:19: warning: 'save' is deprecated: Use saveMutation for user-driven writes. This escape hatch is only for system maintenance and bootstrap. [#DeprecatedDeclaration]
 855 |     }
 856 |     let store = try PolicyStore(databaseURL: databaseURL)
 857 |     _ = try store.save(.defaults(timeZoneIdentifier: "UTC"))
     |                   `- warning: 'save' is deprecated: Use saveMutation for user-driven writes. This escape hatch is only for system maintenance and bootstrap. [#DeprecatedDeclaration]
 858 |     let controller = SettingsPolicyController(databaseURL: databaseURL) { request in
 859 |         let saved = try store.saveMutation(request)

/private/tmp/zoid-integrate-zc037-compact-helper/Tests/ZoidCoachAppTests/SettingsPolicyDraftTests.swift:891:19: warning: 'save' is deprecated: Use saveMutation for user-driven writes. This escape hatch is only for system maintenance and bootstrap. [#DeprecatedDeclaration]
 889 |     }
 890 |     let store = try PolicyStore(databaseURL: databaseURL)
 891 |     _ = try store.save(.defaults(timeZoneIdentifier: "UTC"))
     |                   `- warning: 'save' is deprecated: Use saveMutation for user-driven writes. This escape hatch is only for system maintenance and bootstrap. [#DeprecatedDeclaration]
 892 |     let controller = SettingsPolicyController(databaseURL: databaseURL) { request in
 893 |         let saved = try store.saveMutation(request)

/private/tmp/zoid-integrate-zc037-compact-helper/Tests/ZoidCoachAppTests/SettingsPolicyDraftTests.swift:936:19: warning: 'save' is deprecated: Use saveMutation for user-driven writes. This escape hatch is only for system maintenance and bootstrap. [#DeprecatedDeclaration]
 934 |     }
 935 |     let store = try PolicyStore(databaseURL: databaseURL)
 936 |     _ = try store.save(.defaults(timeZoneIdentifier: "Africa/Cairo"))
     |                   `- warning: 'save' is deprecated: Use saveMutation for user-driven writes. This escape hatch is only for system maintenance and bootstrap. [#DeprecatedDeclaration]
 937 |     let controller = SettingsPolicyController(databaseURL: databaseURL) { request in
 938 |         let saved = try store.saveMutation(request)

/private/tmp/zoid-integrate-zc037-compact-helper/Tests/ZoidCoachAppTests/SettingsPolicyDraftTests.swift:981:19: warning: 'save' is deprecated: Use saveMutation for user-driven writes. This escape hatch is only for system maintenance and bootstrap. [#DeprecatedDeclaration]
 979 |     }
 980 |     let store = try PolicyStore(databaseURL: databaseURL)
 981 |     _ = try store.save(.defaults(timeZoneIdentifier: "UTC"))
     |                   `- warning: 'save' is deprecated: Use saveMutation for user-driven writes. This escape hatch is only for system maintenance and bootstrap. [#DeprecatedDeclaration]
 982 |     let apply: @Sendable (PolicyMutationRequest) async throws -> AgentMutationReceipt = { request in
 983 |         let receipt = try store.saveMutation(request)

/private/tmp/zoid-integrate-zc037-compact-helper/Tests/ZoidCoachAppTests/SettingsPolicyDraftTests.swift:1149:19: warning: 'save' is deprecated: Use saveMutation for user-driven writes. This escape hatch is only for system maintenance and bootstrap. [#DeprecatedDeclaration]
1147 |     }
1148 |     let store = try PolicyStore(databaseURL: databaseURL)
1149 |     _ = try store.save(.defaults(timeZoneIdentifier: "UTC"))
     |                   `- warning: 'save' is deprecated: Use saveMutation for user-driven writes. This escape hatch is only for system maintenance and bootstrap. [#DeprecatedDeclaration]
1150 |     let controller = SettingsPolicyController(databaseURL: databaseURL) { _ in
1151 |         AgentMutationReceipt(accepted: true, message: "saved", policyVersion: 2)

[#DeprecatedDeclaration]: <https://docs.swift.org/compiler/documentation/diagnostics/deprecated-declaration>
[295/357] Compiling ZoidCoachAppTests ScreenwatchReaderTests.swift
/private/tmp/zoid-integrate-zc037-compact-helper/Tests/ZoidCoachAppTests/ScreenwatchArchiveTests.swift:96:25: warning: 'save' is deprecated: Use saveMutation for user-driven writes. This escape hatch is only for system maintenance and bootstrap. [#DeprecatedDeclaration]
 94 |     let clock = ArchivePolicyClock(Date(timeIntervalSince1970: 1_783_663_190))
 95 |     let policyStore = try PolicyStore(databaseURL: databaseURL, now: { clock.now })
 96 |     _ = try policyStore.save(archivePolicy(work: [], gaming: ["Steam"]))
    |                         `- warning: 'save' is deprecated: Use saveMutation for user-driven writes. This escape hatch is only for system maintenance and bootstrap. [#DeprecatedDeclaration]
 97 |     clock.now = Date(timeIntervalSince1970: 1_783_663_203)
 98 |     _ = try policyStore.save(archivePolicy(work: ["Steam"], gaming: []))

/private/tmp/zoid-integrate-zc037-compact-helper/Tests/ZoidCoachAppTests/ScreenwatchArchiveTests.swift:98:25: warning: 'save' is deprecated: Use saveMutation for user-driven writes. This escape hatch is only for system maintenance and bootstrap. [#DeprecatedDeclaration]
 96 |     _ = try policyStore.save(archivePolicy(work: [], gaming: ["Steam"]))
 97 |     clock.now = Date(timeIntervalSince1970: 1_783_663_203)
 98 |     _ = try policyStore.save(archivePolicy(work: ["Steam"], gaming: []))
    |                         `- warning: 'save' is deprecated: Use saveMutation for user-driven writes. This escape hatch is only for system maintenance and bootstrap. [#DeprecatedDeclaration]
 99 |     let log = """
100 |     {"t":"09-00-00","epoch":1783663200,"app":"Steam","window":"Game","url":"","img":false}

/private/tmp/zoid-integrate-zc037-compact-helper/Tests/ZoidCoachAppTests/ScreenwatchArchiveTests.swift:110:25: warning: 'save' is deprecated: Use saveMutation for user-driven writes. This escape hatch is only for system maintenance and bootstrap. [#DeprecatedDeclaration]
108 |     let firstRead = try archive.behaviorObservations(for: Date(timeIntervalSince1970: 1_783_663_210))
109 |     clock.now = Date(timeIntervalSince1970: 1_783_663_220)
110 |     _ = try policyStore.save(archivePolicy(work: [], gaming: ["Steam"]))
    |                         `- warning: 'save' is deprecated: Use saveMutation for user-driven writes. This escape hatch is only for system maintenance and bootstrap. [#DeprecatedDeclaration]
111 |     let secondRead = try archive.behaviorObservations(for: Date(timeIntervalSince1970: 1_783_663_210))
112 | 

/private/tmp/zoid-integrate-zc037-compact-helper/Tests/ZoidCoachAppTests/ScreenwatchArchiveTests.swift:162:25: warning: 'save' is deprecated: Use saveMutation for user-driven writes. This escape hatch is only for system maintenance and bootstrap. [#DeprecatedDeclaration]
160 |         now: { Date(timeIntervalSince1970: 1_783_663_190) }
161 |     )
162 |     _ = try policyStore.save(archivePolicy(work: [], gaming: ["Slack"]))
    |                         `- warning: 'save' is deprecated: Use saveMutation for user-driven writes. This escape hatch is only for system maintenance and bootstrap. [#DeprecatedDeclaration]
163 |     let log = """
164 |     {"t":"09-00-00","epoch":1783663200,"app":"Slack","window":"Engineering project workspace","url":"","img":false}

/private/tmp/zoid-integrate-zc037-compact-helper/Tests/ZoidCoachAppTests/SettingsPolicyDraftTests.swift:496:19: warning: 'save' is deprecated: Use saveMutation for user-driven writes. This escape hatch is only for system maintenance and bootstrap. [#DeprecatedDeclaration]
 494 |     let store = try PolicyStore(databaseURL: databaseURL)
 495 |     let first = UserPolicy.defaults(timeZoneIdentifier: "UTC")
 496 |     _ = try store.save(first)
     |                   `- warning: 'save' is deprecated: Use saveMutation for user-driven writes. This escape hatch is only for system maintenance and bootstrap. [#DeprecatedDeclaration]
 497 |     var changedDraft = SettingsPolicyDraft(policy: first)
 498 |     changedDraft.capacityPercent = 85

/private/tmp/zoid-integrate-zc037-compact-helper/Tests/ZoidCoachAppTests/SettingsPolicyDraftTests.swift:499:19: warning: 'save' is deprecated: Use saveMutation for user-driven writes. This escape hatch is only for system maintenance and bootstrap. [#DeprecatedDeclaration]
 497 |     var changedDraft = SettingsPolicyDraft(policy: first)
 498 |     changedDraft.capacityPercent = 85
 499 |     _ = try store.save(changedDraft.policy(preserving: first))
     |                   `- warning: 'save' is deprecated: Use saveMutation for user-driven writes. This escape hatch is only for system maintenance and bootstrap. [#DeprecatedDeclaration]
 500 |     let controller = SettingsPolicyController(databaseURL: databaseURL) { request in
 501 |         let saved = try store.saveMutation(request)

/private/tmp/zoid-integrate-zc037-compact-helper/Tests/ZoidCoachAppTests/SettingsPolicyDraftTests.swift:527:19: warning: 'save' is deprecated: Use saveMutation for user-driven writes. This escape hatch is only for system maintenance and bootstrap. [#DeprecatedDeclaration]
 525 |     }
 526 |     let store = try PolicyStore(databaseURL: databaseURL)
 527 |     _ = try store.save(.defaults(timeZoneIdentifier: "UTC"))
     |                   `- warning: 'save' is deprecated: Use saveMutation for user-driven writes. This escape hatch is only for system maintenance and bootstrap. [#DeprecatedDeclaration]
 528 |     let referenceDate = try #require(ISO8601DateFormatter().date(from: "2026-07-14T00:30:00Z"))
 529 |     let warning = TimeZonePlanMoveWarning(

/private/tmp/zoid-integrate-zc037-compact-helper/Tests/ZoidCoachAppTests/SettingsPolicyDraftTests.swift:619:19: warning: 'save' is deprecated: Use saveMutation for user-driven writes. This escape hatch is only for system maintenance and bootstrap. [#DeprecatedDeclaration]
 617 |     }
 618 |     let store = try PolicyStore(databaseURL: databaseURL)
 619 |     _ = try store.save(.defaults(timeZoneIdentifier: "UTC"))
     |                   `- warning: 'save' is deprecated: Use saveMutation for user-driven writes. This escape hatch is only for system maintenance and bootstrap. [#DeprecatedDeclaration]
 620 |     let controller = SettingsPolicyController(
 621 |         databaseURL: databaseURL,

/private/tmp/zoid-integrate-zc037-compact-helper/Tests/ZoidCoachAppTests/SettingsPolicyDraftTests.swift:652:19: warning: 'save' is deprecated: Use saveMutation for user-driven writes. This escape hatch is only for system maintenance and bootstrap. [#DeprecatedDeclaration]
 650 |     }
 651 |     let store = try PolicyStore(databaseURL: databaseURL)
 652 |     _ = try store.save(.defaults(timeZoneIdentifier: "UTC"))
     |                   `- warning: 'save' is deprecated: Use saveMutation for user-driven writes. This escape hatch is only for system maintenance and bootstrap. [#DeprecatedDeclaration]
 653 |     let controller = SettingsPolicyController(
 654 |         databaseURL: databaseURL,

/private/tmp/zoid-integrate-zc037-compact-helper/Tests/ZoidCoachAppTests/SettingsPolicyDraftTests.swift:678:19: warning: 'save' is deprecated: Use saveMutation for user-driven writes. This escape hatch is only for system maintenance and bootstrap. [#DeprecatedDeclaration]
 676 |     let referenceDate = try #require(ISO8601DateFormatter().date(from: "2026-07-14T00:30:00Z"))
 677 |     let store = try PolicyStore(databaseURL: databaseURL)
 678 |     _ = try store.save(.defaults(timeZoneIdentifier: "UTC"))
     |                   `- warning: 'save' is deprecated: Use saveMutation for user-driven writes. This escape hatch is only for system maintenance and bootstrap. [#DeprecatedDeclaration]
 679 |     let sourcePlanStore = try AutonomousPlanStore(databaseURL: databaseURL, timeZoneIdentifier: { "UTC" })
 680 |     try sourcePlanStore.replaceDailyPlan(

/private/tmp/zoid-integrate-zc037-compact-helper/Tests/ZoidCoachAppTests/SettingsPolicyDraftTests.swift:857:19: warning: 'save' is deprecated: Use saveMutation for user-driven writes. This escape hatch is only for system maintenance and bootstrap. [#DeprecatedDeclaration]
 855 |     }
 856 |     let store = try PolicyStore(databaseURL: databaseURL)
 857 |     _ = try store.save(.defaults(timeZoneIdentifier: "UTC"))
     |                   `- warning: 'save' is deprecated: Use saveMutation for user-driven writes. This escape hatch is only for system maintenance and bootstrap. [#DeprecatedDeclaration]
 858 |     let controller = SettingsPolicyController(databaseURL: databaseURL) { request in
 859 |         let saved = try store.saveMutation(request)

/private/tmp/zoid-integrate-zc037-compact-helper/Tests/ZoidCoachAppTests/SettingsPolicyDraftTests.swift:891:19: warning: 'save' is deprecated: Use saveMutation for user-driven writes. This escape hatch is only for system maintenance and bootstrap. [#DeprecatedDeclaration]
 889 |     }
 890 |     let store = try PolicyStore(databaseURL: databaseURL)
 891 |     _ = try store.save(.defaults(timeZoneIdentifier: "UTC"))
     |                   `- warning: 'save' is deprecated: Use saveMutation for user-driven writes. This escape hatch is only for system maintenance and bootstrap. [#DeprecatedDeclaration]
 892 |     let controller = SettingsPolicyController(databaseURL: databaseURL) { request in
 893 |         let saved = try store.saveMutation(request)

/private/tmp/zoid-integrate-zc037-compact-helper/Tests/ZoidCoachAppTests/SettingsPolicyDraftTests.swift:936:19: warning: 'save' is deprecated: Use saveMutation for user-driven writes. This escape hatch is only for system maintenance and bootstrap. [#DeprecatedDeclaration]
 934 |     }
 935 |     let store = try PolicyStore(databaseURL: databaseURL)
 936 |     _ = try store.save(.defaults(timeZoneIdentifier: "Africa/Cairo"))
     |                   `- warning: 'save' is deprecated: Use saveMutation for user-driven writes. This escape hatch is only for system maintenance and bootstrap. [#DeprecatedDeclaration]
 937 |     let controller = SettingsPolicyController(databaseURL: databaseURL) { request in
 938 |         let saved = try store.saveMutation(request)

/private/tmp/zoid-integrate-zc037-compact-helper/Tests/ZoidCoachAppTests/SettingsPolicyDraftTests.swift:981:19: warning: 'save' is deprecated: Use saveMutation for user-driven writes. This escape hatch is only for system maintenance and bootstrap. [#DeprecatedDeclaration]
 979 |     }
 980 |     let store = try PolicyStore(databaseURL: databaseURL)
 981 |     _ = try store.save(.defaults(timeZoneIdentifier: "UTC"))
     |                   `- warning: 'save' is deprecated: Use saveMutation for user-driven writes. This escape hatch is only for system maintenance and bootstrap. [#DeprecatedDeclaration]
 982 |     let apply: @Sendable (PolicyMutationRequest) async throws -> AgentMutationReceipt = { request in
 983 |         let receipt = try store.saveMutation(request)

/private/tmp/zoid-integrate-zc037-compact-helper/Tests/ZoidCoachAppTests/SettingsPolicyDraftTests.swift:1149:19: warning: 'save' is deprecated: Use saveMutation for user-driven writes. This escape hatch is only for system maintenance and bootstrap. [#DeprecatedDeclaration]
1147 |     }
1148 |     let store = try PolicyStore(databaseURL: databaseURL)
1149 |     _ = try store.save(.defaults(timeZoneIdentifier: "UTC"))
     |                   `- warning: 'save' is deprecated: Use saveMutation for user-driven writes. This escape hatch is only for system maintenance and bootstrap. [#DeprecatedDeclaration]
1150 |     let controller = SettingsPolicyController(databaseURL: databaseURL) { _ in
1151 |         AgentMutationReceipt(accepted: true, message: "saved", policyVersion: 2)

[#DeprecatedDeclaration]: <https://docs.swift.org/compiler/documentation/diagnostics/deprecated-declaration>
[296/357] Compiling ZoidCoachAppTests ScreenwatchSetupServiceTests.swift
/private/tmp/zoid-integrate-zc037-compact-helper/Tests/ZoidCoachAppTests/ScreenwatchArchiveTests.swift:96:25: warning: 'save' is deprecated: Use saveMutation for user-driven writes. This escape hatch is only for system maintenance and bootstrap. [#DeprecatedDeclaration]
 94 |     let clock = ArchivePolicyClock(Date(timeIntervalSince1970: 1_783_663_190))
 95 |     let policyStore = try PolicyStore(databaseURL: databaseURL, now: { clock.now })
 96 |     _ = try policyStore.save(archivePolicy(work: [], gaming: ["Steam"]))
    |                         `- warning: 'save' is deprecated: Use saveMutation for user-driven writes. This escape hatch is only for system maintenance and bootstrap. [#DeprecatedDeclaration]
 97 |     clock.now = Date(timeIntervalSince1970: 1_783_663_203)
 98 |     _ = try policyStore.save(archivePolicy(work: ["Steam"], gaming: []))

/private/tmp/zoid-integrate-zc037-compact-helper/Tests/ZoidCoachAppTests/ScreenwatchArchiveTests.swift:98:25: warning: 'save' is deprecated: Use saveMutation for user-driven writes. This escape hatch is only for system maintenance and bootstrap. [#DeprecatedDeclaration]
 96 |     _ = try policyStore.save(archivePolicy(work: [], gaming: ["Steam"]))
 97 |     clock.now = Date(timeIntervalSince1970: 1_783_663_203)
 98 |     _ = try policyStore.save(archivePolicy(work: ["Steam"], gaming: []))
    |                         `- warning: 'save' is deprecated: Use saveMutation for user-driven writes. This escape hatch is only for system maintenance and bootstrap. [#DeprecatedDeclaration]
 99 |     let log = """
100 |     {"t":"09-00-00","epoch":1783663200,"app":"Steam","window":"Game","url":"","img":false}

/private/tmp/zoid-integrate-zc037-compact-helper/Tests/ZoidCoachAppTests/ScreenwatchArchiveTests.swift:110:25: warning: 'save' is deprecated: Use saveMutation for user-driven writes. This escape hatch is only for system maintenance and bootstrap. [#DeprecatedDeclaration]
108 |     let firstRead = try archive.behaviorObservations(for: Date(timeIntervalSince1970: 1_783_663_210))
109 |     clock.now = Date(timeIntervalSince1970: 1_783_663_220)
110 |     _ = try policyStore.save(archivePolicy(work: [], gaming: ["Steam"]))
    |                         `- warning: 'save' is deprecated: Use saveMutation for user-driven writes. This escape hatch is only for system maintenance and bootstrap. [#DeprecatedDeclaration]
111 |     let secondRead = try archive.behaviorObservations(for: Date(timeIntervalSince1970: 1_783_663_210))
112 | 

/private/tmp/zoid-integrate-zc037-compact-helper/Tests/ZoidCoachAppTests/ScreenwatchArchiveTests.swift:162:25: warning: 'save' is deprecated: Use saveMutation for user-driven writes. This escape hatch is only for system maintenance and bootstrap. [#DeprecatedDeclaration]
160 |         now: { Date(timeIntervalSince1970: 1_783_663_190) }
161 |     )
162 |     _ = try policyStore.save(archivePolicy(work: [], gaming: ["Slack"]))
    |                         `- warning: 'save' is deprecated: Use saveMutation for user-driven writes. This escape hatch is only for system maintenance and bootstrap. [#DeprecatedDeclaration]
163 |     let log = """
164 |     {"t":"09-00-00","epoch":1783663200,"app":"Slack","window":"Engineering project workspace","url":"","img":false}

/private/tmp/zoid-integrate-zc037-compact-helper/Tests/ZoidCoachAppTests/SettingsPolicyDraftTests.swift:496:19: warning: 'save' is deprecated: Use saveMutation for user-driven writes. This escape hatch is only for system maintenance and bootstrap. [#DeprecatedDeclaration]
 494 |     let store = try PolicyStore(databaseURL: databaseURL)
 495 |     let first = UserPolicy.defaults(timeZoneIdentifier: "UTC")
 496 |     _ = try store.save(first)
     |                   `- warning: 'save' is deprecated: Use saveMutation for user-driven writes. This escape hatch is only for system maintenance and bootstrap. [#DeprecatedDeclaration]
 497 |     var changedDraft = SettingsPolicyDraft(policy: first)
 498 |     changedDraft.capacityPercent = 85

/private/tmp/zoid-integrate-zc037-compact-helper/Tests/ZoidCoachAppTests/SettingsPolicyDraftTests.swift:499:19: warning: 'save' is deprecated: Use saveMutation for user-driven writes. This escape hatch is only for system maintenance and bootstrap. [#DeprecatedDeclaration]
 497 |     var changedDraft = SettingsPolicyDraft(policy: first)
 498 |     changedDraft.capacityPercent = 85
 499 |     _ = try store.save(changedDraft.policy(preserving: first))
     |                   `- warning: 'save' is deprecated: Use saveMutation for user-driven writes. This escape hatch is only for system maintenance and bootstrap. [#DeprecatedDeclaration]
 500 |     let controller = SettingsPolicyController(databaseURL: databaseURL) { request in
 501 |         let saved = try store.saveMutation(request)

/private/tmp/zoid-integrate-zc037-compact-helper/Tests/ZoidCoachAppTests/SettingsPolicyDraftTests.swift:527:19: warning: 'save' is deprecated: Use saveMutation for user-driven writes. This escape hatch is only for system maintenance and bootstrap. [#DeprecatedDeclaration]
 525 |     }
 526 |     let store = try PolicyStore(databaseURL: databaseURL)
 527 |     _ = try store.save(.defaults(timeZoneIdentifier: "UTC"))
     |                   `- warning: 'save' is deprecated: Use saveMutation for user-driven writes. This escape hatch is only for system maintenance and bootstrap. [#DeprecatedDeclaration]
 528 |     let referenceDate = try #require(ISO8601DateFormatter().date(from: "2026-07-14T00:30:00Z"))
 529 |     let warning = TimeZonePlanMoveWarning(

/private/tmp/zoid-integrate-zc037-compact-helper/Tests/ZoidCoachAppTests/SettingsPolicyDraftTests.swift:619:19: warning: 'save' is deprecated: Use saveMutation for user-driven writes. This escape hatch is only for system maintenance and bootstrap. [#DeprecatedDeclaration]
 617 |     }
 618 |     let store = try PolicyStore(databaseURL: databaseURL)
 619 |     _ = try store.save(.defaults(timeZoneIdentifier: "UTC"))
     |                   `- warning: 'save' is deprecated: Use saveMutation for user-driven writes. This escape hatch is only for system maintenance and bootstrap. [#DeprecatedDeclaration]
 620 |     let controller = SettingsPolicyController(
 621 |         databaseURL: databaseURL,

/private/tmp/zoid-integrate-zc037-compact-helper/Tests/ZoidCoachAppTests/SettingsPolicyDraftTests.swift:652:19: warning: 'save' is deprecated: Use saveMutation for user-driven writes. This escape hatch is only for system maintenance and bootstrap. [#DeprecatedDeclaration]
 650 |     }
 651 |     let store = try PolicyStore(databaseURL: databaseURL)
 652 |     _ = try store.save(.defaults(timeZoneIdentifier: "UTC"))
     |                   `- warning: 'save' is deprecated: Use saveMutation for user-driven writes. This escape hatch is only for system maintenance and bootstrap. [#DeprecatedDeclaration]
 653 |     let controller = SettingsPolicyController(
 654 |         databaseURL: databaseURL,

/private/tmp/zoid-integrate-zc037-compact-helper/Tests/ZoidCoachAppTests/SettingsPolicyDraftTests.swift:678:19: warning: 'save' is deprecated: Use saveMutation for user-driven writes. This escape hatch is only for system maintenance and bootstrap. [#DeprecatedDeclaration]
 676 |     let referenceDate = try #require(ISO8601DateFormatter().date(from: "2026-07-14T00:30:00Z"))
 677 |     let store = try PolicyStore(databaseURL: databaseURL)
 678 |     _ = try store.save(.defaults(timeZoneIdentifier: "UTC"))
     |                   `- warning: 'save' is deprecated: Use saveMutation for user-driven writes. This escape hatch is only for system maintenance and bootstrap. [#DeprecatedDeclaration]
 679 |     let sourcePlanStore = try AutonomousPlanStore(databaseURL: databaseURL, timeZoneIdentifier: { "UTC" })
 680 |     try sourcePlanStore.replaceDailyPlan(

/private/tmp/zoid-integrate-zc037-compact-helper/Tests/ZoidCoachAppTests/SettingsPolicyDraftTests.swift:857:19: warning: 'save' is deprecated: Use saveMutation for user-driven writes. This escape hatch is only for system maintenance and bootstrap. [#DeprecatedDeclaration]
 855 |     }
 856 |     let store = try PolicyStore(databaseURL: databaseURL)
 857 |     _ = try store.save(.defaults(timeZoneIdentifier: "UTC"))
     |                   `- warning: 'save' is deprecated: Use saveMutation for user-driven writes. This escape hatch is only for system maintenance and bootstrap. [#DeprecatedDeclaration]
 858 |     let controller = SettingsPolicyController(databaseURL: databaseURL) { request in
 859 |         let saved = try store.saveMutation(request)

/private/tmp/zoid-integrate-zc037-compact-helper/Tests/ZoidCoachAppTests/SettingsPolicyDraftTests.swift:891:19: warning: 'save' is deprecated: Use saveMutation for user-driven writes. This escape hatch is only for system maintenance and bootstrap. [#DeprecatedDeclaration]
 889 |     }
 890 |     let store = try PolicyStore(databaseURL: databaseURL)
 891 |     _ = try store.save(.defaults(timeZoneIdentifier: "UTC"))
     |                   `- warning: 'save' is deprecated: Use saveMutation for user-driven writes. This escape hatch is only for system maintenance and bootstrap. [#DeprecatedDeclaration]
 892 |     let controller = SettingsPolicyController(databaseURL: databaseURL) { request in
 893 |         let saved = try store.saveMutation(request)

/private/tmp/zoid-integrate-zc037-compact-helper/Tests/ZoidCoachAppTests/SettingsPolicyDraftTests.swift:936:19: warning: 'save' is deprecated: Use saveMutation for user-driven writes. This escape hatch is only for system maintenance and bootstrap. [#DeprecatedDeclaration]
 934 |     }
 935 |     let store = try PolicyStore(databaseURL: databaseURL)
 936 |     _ = try store.save(.defaults(timeZoneIdentifier: "Africa/Cairo"))
     |                   `- warning: 'save' is deprecated: Use saveMutation for user-driven writes. This escape hatch is only for system maintenance and bootstrap. [#DeprecatedDeclaration]
 937 |     let controller = SettingsPolicyController(databaseURL: databaseURL) { request in
 938 |         let saved = try store.saveMutation(request)

/private/tmp/zoid-integrate-zc037-compact-helper/Tests/ZoidCoachAppTests/SettingsPolicyDraftTests.swift:981:19: warning: 'save' is deprecated: Use saveMutation for user-driven writes. This escape hatch is only for system maintenance and bootstrap. [#DeprecatedDeclaration]
 979 |     }
 980 |     let store = try PolicyStore(databaseURL: databaseURL)
 981 |     _ = try store.save(.defaults(timeZoneIdentifier: "UTC"))
     |                   `- warning: 'save' is deprecated: Use saveMutation for user-driven writes. This escape hatch is only for system maintenance and bootstrap. [#DeprecatedDeclaration]
 982 |     let apply: @Sendable (PolicyMutationRequest) async throws -> AgentMutationReceipt = { request in
 983 |         let receipt = try store.saveMutation(request)

/private/tmp/zoid-integrate-zc037-compact-helper/Tests/ZoidCoachAppTests/SettingsPolicyDraftTests.swift:1149:19: warning: 'save' is deprecated: Use saveMutation for user-driven writes. This escape hatch is only for system maintenance and bootstrap. [#DeprecatedDeclaration]
1147 |     }
1148 |     let store = try PolicyStore(databaseURL: databaseURL)
1149 |     _ = try store.save(.defaults(timeZoneIdentifier: "UTC"))
     |                   `- warning: 'save' is deprecated: Use saveMutation for user-driven writes. This escape hatch is only for system maintenance and bootstrap. [#DeprecatedDeclaration]
1150 |     let controller = SettingsPolicyController(databaseURL: databaseURL) { _ in
1151 |         AgentMutationReceipt(accepted: true, message: "saved", policyVersion: 2)

[#DeprecatedDeclaration]: <https://docs.swift.org/compiler/documentation/diagnostics/deprecated-declaration>
[297/357] Compiling ZoidCoachAppTests ScreenwatchSourceRepositoryTests.swift
/private/tmp/zoid-integrate-zc037-compact-helper/Tests/ZoidCoachAppTests/ScreenwatchArchiveTests.swift:96:25: warning: 'save' is deprecated: Use saveMutation for user-driven writes. This escape hatch is only for system maintenance and bootstrap. [#DeprecatedDeclaration]
 94 |     let clock = ArchivePolicyClock(Date(timeIntervalSince1970: 1_783_663_190))
 95 |     let policyStore = try PolicyStore(databaseURL: databaseURL, now: { clock.now })
 96 |     _ = try policyStore.save(archivePolicy(work: [], gaming: ["Steam"]))
    |                         `- warning: 'save' is deprecated: Use saveMutation for user-driven writes. This escape hatch is only for system maintenance and bootstrap. [#DeprecatedDeclaration]
 97 |     clock.now = Date(timeIntervalSince1970: 1_783_663_203)
 98 |     _ = try policyStore.save(archivePolicy(work: ["Steam"], gaming: []))

/private/tmp/zoid-integrate-zc037-compact-helper/Tests/ZoidCoachAppTests/ScreenwatchArchiveTests.swift:98:25: warning: 'save' is deprecated: Use saveMutation for user-driven writes. This escape hatch is only for system maintenance and bootstrap. [#DeprecatedDeclaration]
 96 |     _ = try policyStore.save(archivePolicy(work: [], gaming: ["Steam"]))
 97 |     clock.now = Date(timeIntervalSince1970: 1_783_663_203)
 98 |     _ = try policyStore.save(archivePolicy(work: ["Steam"], gaming: []))
    |                         `- warning: 'save' is deprecated: Use saveMutation for user-driven writes. This escape hatch is only for system maintenance and bootstrap. [#DeprecatedDeclaration]
 99 |     let log = """
100 |     {"t":"09-00-00","epoch":1783663200,"app":"Steam","window":"Game","url":"","img":false}

/private/tmp/zoid-integrate-zc037-compact-helper/Tests/ZoidCoachAppTests/ScreenwatchArchiveTests.swift:110:25: warning: 'save' is deprecated: Use saveMutation for user-driven writes. This escape hatch is only for system maintenance and bootstrap. [#DeprecatedDeclaration]
108 |     let firstRead = try archive.behaviorObservations(for: Date(timeIntervalSince1970: 1_783_663_210))
109 |     clock.now = Date(timeIntervalSince1970: 1_783_663_220)
110 |     _ = try policyStore.save(archivePolicy(work: [], gaming: ["Steam"]))
    |                         `- warning: 'save' is deprecated: Use saveMutation for user-driven writes. This escape hatch is only for system maintenance and bootstrap. [#DeprecatedDeclaration]
111 |     let secondRead = try archive.behaviorObservations(for: Date(timeIntervalSince1970: 1_783_663_210))
112 | 

/private/tmp/zoid-integrate-zc037-compact-helper/Tests/ZoidCoachAppTests/ScreenwatchArchiveTests.swift:162:25: warning: 'save' is deprecated: Use saveMutation for user-driven writes. This escape hatch is only for system maintenance and bootstrap. [#DeprecatedDeclaration]
160 |         now: { Date(timeIntervalSince1970: 1_783_663_190) }
161 |     )
162 |     _ = try policyStore.save(archivePolicy(work: [], gaming: ["Slack"]))
    |                         `- warning: 'save' is deprecated: Use saveMutation for user-driven writes. This escape hatch is only for system maintenance and bootstrap. [#DeprecatedDeclaration]
163 |     let log = """
164 |     {"t":"09-00-00","epoch":1783663200,"app":"Slack","window":"Engineering project workspace","url":"","img":false}

/private/tmp/zoid-integrate-zc037-compact-helper/Tests/ZoidCoachAppTests/SettingsPolicyDraftTests.swift:496:19: warning: 'save' is deprecated: Use saveMutation for user-driven writes. This escape hatch is only for system maintenance and bootstrap. [#DeprecatedDeclaration]
 494 |     let store = try PolicyStore(databaseURL: databaseURL)
 495 |     let first = UserPolicy.defaults(timeZoneIdentifier: "UTC")
 496 |     _ = try store.save(first)
     |                   `- warning: 'save' is deprecated: Use saveMutation for user-driven writes. This escape hatch is only for system maintenance and bootstrap. [#DeprecatedDeclaration]
 497 |     var changedDraft = SettingsPolicyDraft(policy: first)
 498 |     changedDraft.capacityPercent = 85

/private/tmp/zoid-integrate-zc037-compact-helper/Tests/ZoidCoachAppTests/SettingsPolicyDraftTests.swift:499:19: warning: 'save' is deprecated: Use saveMutation for user-driven writes. This escape hatch is only for system maintenance and bootstrap. [#DeprecatedDeclaration]
 497 |     var changedDraft = SettingsPolicyDraft(policy: first)
 498 |     changedDraft.capacityPercent = 85
 499 |     _ = try store.save(changedDraft.policy(preserving: first))
     |                   `- warning: 'save' is deprecated: Use saveMutation for user-driven writes. This escape hatch is only for system maintenance and bootstrap. [#DeprecatedDeclaration]
 500 |     let controller = SettingsPolicyController(databaseURL: databaseURL) { request in
 501 |         let saved = try store.saveMutation(request)

/private/tmp/zoid-integrate-zc037-compact-helper/Tests/ZoidCoachAppTests/SettingsPolicyDraftTests.swift:527:19: warning: 'save' is deprecated: Use saveMutation for user-driven writes. This escape hatch is only for system maintenance and bootstrap. [#DeprecatedDeclaration]
 525 |     }
 526 |     let store = try PolicyStore(databaseURL: databaseURL)
 527 |     _ = try store.save(.defaults(timeZoneIdentifier: "UTC"))
     |                   `- warning: 'save' is deprecated: Use saveMutation for user-driven writes. This escape hatch is only for system maintenance and bootstrap. [#DeprecatedDeclaration]
 528 |     let referenceDate = try #require(ISO8601DateFormatter().date(from: "2026-07-14T00:30:00Z"))
 529 |     let warning = TimeZonePlanMoveWarning(

/private/tmp/zoid-integrate-zc037-compact-helper/Tests/ZoidCoachAppTests/SettingsPolicyDraftTests.swift:619:19: warning: 'save' is deprecated: Use saveMutation for user-driven writes. This escape hatch is only for system maintenance and bootstrap. [#DeprecatedDeclaration]
 617 |     }
 618 |     let store = try PolicyStore(databaseURL: databaseURL)
 619 |     _ = try store.save(.defaults(timeZoneIdentifier: "UTC"))
     |                   `- warning: 'save' is deprecated: Use saveMutation for user-driven writes. This escape hatch is only for system maintenance and bootstrap. [#DeprecatedDeclaration]
 620 |     let controller = SettingsPolicyController(
 621 |         databaseURL: databaseURL,

/private/tmp/zoid-integrate-zc037-compact-helper/Tests/ZoidCoachAppTests/SettingsPolicyDraftTests.swift:652:19: warning: 'save' is deprecated: Use saveMutation for user-driven writes. This escape hatch is only for system maintenance and bootstrap. [#DeprecatedDeclaration]
 650 |     }
 651 |     let store = try PolicyStore(databaseURL: databaseURL)
 652 |     _ = try store.save(.defaults(timeZoneIdentifier: "UTC"))
     |                   `- warning: 'save' is deprecated: Use saveMutation for user-driven writes. This escape hatch is only for system maintenance and bootstrap. [#DeprecatedDeclaration]
 653 |     let controller = SettingsPolicyController(
 654 |         databaseURL: databaseURL,

/private/tmp/zoid-integrate-zc037-compact-helper/Tests/ZoidCoachAppTests/SettingsPolicyDraftTests.swift:678:19: warning: 'save' is deprecated: Use saveMutation for user-driven writes. This escape hatch is only for system maintenance and bootstrap. [#DeprecatedDeclaration]
 676 |     let referenceDate = try #require(ISO8601DateFormatter().date(from: "2026-07-14T00:30:00Z"))
 677 |     let store = try PolicyStore(databaseURL: databaseURL)
 678 |     _ = try store.save(.defaults(timeZoneIdentifier: "UTC"))
     |                   `- warning: 'save' is deprecated: Use saveMutation for user-driven writes. This escape hatch is only for system maintenance and bootstrap. [#DeprecatedDeclaration]
 679 |     let sourcePlanStore = try AutonomousPlanStore(databaseURL: databaseURL, timeZoneIdentifier: { "UTC" })
 680 |     try sourcePlanStore.replaceDailyPlan(

/private/tmp/zoid-integrate-zc037-compact-helper/Tests/ZoidCoachAppTests/SettingsPolicyDraftTests.swift:857:19: warning: 'save' is deprecated: Use saveMutation for user-driven writes. This escape hatch is only for system maintenance and bootstrap. [#DeprecatedDeclaration]
 855 |     }
 856 |     let store = try PolicyStore(databaseURL: databaseURL)
 857 |     _ = try store.save(.defaults(timeZoneIdentifier: "UTC"))
     |                   `- warning: 'save' is deprecated: Use saveMutation for user-driven writes. This escape hatch is only for system maintenance and bootstrap. [#DeprecatedDeclaration]
 858 |     let controller = SettingsPolicyController(databaseURL: databaseURL) { request in
 859 |         let saved = try store.saveMutation(request)

/private/tmp/zoid-integrate-zc037-compact-helper/Tests/ZoidCoachAppTests/SettingsPolicyDraftTests.swift:891:19: warning: 'save' is deprecated: Use saveMutation for user-driven writes. This escape hatch is only for system maintenance and bootstrap. [#DeprecatedDeclaration]
 889 |     }
 890 |     let store = try PolicyStore(databaseURL: databaseURL)
 891 |     _ = try store.save(.defaults(timeZoneIdentifier: "UTC"))
     |                   `- warning: 'save' is deprecated: Use saveMutation for user-driven writes. This escape hatch is only for system maintenance and bootstrap. [#DeprecatedDeclaration]
 892 |     let controller = SettingsPolicyController(databaseURL: databaseURL) { request in
 893 |         let saved = try store.saveMutation(request)

/private/tmp/zoid-integrate-zc037-compact-helper/Tests/ZoidCoachAppTests/SettingsPolicyDraftTests.swift:936:19: warning: 'save' is deprecated: Use saveMutation for user-driven writes. This escape hatch is only for system maintenance and bootstrap. [#DeprecatedDeclaration]
 934 |     }
 935 |     let store = try PolicyStore(databaseURL: databaseURL)
 936 |     _ = try store.save(.defaults(timeZoneIdentifier: "Africa/Cairo"))
     |                   `- warning: 'save' is deprecated: Use saveMutation for user-driven writes. This escape hatch is only for system maintenance and bootstrap. [#DeprecatedDeclaration]
 937 |     let controller = SettingsPolicyController(databaseURL: databaseURL) { request in
 938 |         let saved = try store.saveMutation(request)

/private/tmp/zoid-integrate-zc037-compact-helper/Tests/ZoidCoachAppTests/SettingsPolicyDraftTests.swift:981:19: warning: 'save' is deprecated: Use saveMutation for user-driven writes. This escape hatch is only for system maintenance and bootstrap. [#DeprecatedDeclaration]
 979 |     }
 980 |     let store = try PolicyStore(databaseURL: databaseURL)
 981 |     _ = try store.save(.defaults(timeZoneIdentifier: "UTC"))
     |                   `- warning: 'save' is deprecated: Use saveMutation for user-driven writes. This escape hatch is only for system maintenance and bootstrap. [#DeprecatedDeclaration]
 982 |     let apply: @Sendable (PolicyMutationRequest) async throws -> AgentMutationReceipt = { request in
 983 |         let receipt = try store.saveMutation(request)

/private/tmp/zoid-integrate-zc037-compact-helper/Tests/ZoidCoachAppTests/SettingsPolicyDraftTests.swift:1149:19: warning: 'save' is deprecated: Use saveMutation for user-driven writes. This escape hatch is only for system maintenance and bootstrap. [#DeprecatedDeclaration]
1147 |     }
1148 |     let store = try PolicyStore(databaseURL: databaseURL)
1149 |     _ = try store.save(.defaults(timeZoneIdentifier: "UTC"))
     |                   `- warning: 'save' is deprecated: Use saveMutation for user-driven writes. This escape hatch is only for system maintenance and bootstrap. [#DeprecatedDeclaration]
1150 |     let controller = SettingsPolicyController(databaseURL: databaseURL) { _ in
1151 |         AgentMutationReceipt(accepted: true, message: "saved", policyVersion: 2)

[#DeprecatedDeclaration]: <https://docs.swift.org/compiler/documentation/diagnostics/deprecated-declaration>
[298/357] Compiling ZoidCoachAppTests SettingsNotificationDeliveryTestControllerTests.swift
/private/tmp/zoid-integrate-zc037-compact-helper/Tests/ZoidCoachAppTests/ScreenwatchArchiveTests.swift:96:25: warning: 'save' is deprecated: Use saveMutation for user-driven writes. This escape hatch is only for system maintenance and bootstrap. [#DeprecatedDeclaration]
 94 |     let clock = ArchivePolicyClock(Date(timeIntervalSince1970: 1_783_663_190))
 95 |     let policyStore = try PolicyStore(databaseURL: databaseURL, now: { clock.now })
 96 |     _ = try policyStore.save(archivePolicy(work: [], gaming: ["Steam"]))
    |                         `- warning: 'save' is deprecated: Use saveMutation for user-driven writes. This escape hatch is only for system maintenance and bootstrap. [#DeprecatedDeclaration]
 97 |     clock.now = Date(timeIntervalSince1970: 1_783_663_203)
 98 |     _ = try policyStore.save(archivePolicy(work: ["Steam"], gaming: []))

/private/tmp/zoid-integrate-zc037-compact-helper/Tests/ZoidCoachAppTests/ScreenwatchArchiveTests.swift:98:25: warning: 'save' is deprecated: Use saveMutation for user-driven writes. This escape hatch is only for system maintenance and bootstrap. [#DeprecatedDeclaration]
 96 |     _ = try policyStore.save(archivePolicy(work: [], gaming: ["Steam"]))
 97 |     clock.now = Date(timeIntervalSince1970: 1_783_663_203)
 98 |     _ = try policyStore.save(archivePolicy(work: ["Steam"], gaming: []))
    |                         `- warning: 'save' is deprecated: Use saveMutation for user-driven writes. This escape hatch is only for system maintenance and bootstrap. [#DeprecatedDeclaration]
 99 |     let log = """
100 |     {"t":"09-00-00","epoch":1783663200,"app":"Steam","window":"Game","url":"","img":false}

/private/tmp/zoid-integrate-zc037-compact-helper/Tests/ZoidCoachAppTests/ScreenwatchArchiveTests.swift:110:25: warning: 'save' is deprecated: Use saveMutation for user-driven writes. This escape hatch is only for system maintenance and bootstrap. [#DeprecatedDeclaration]
108 |     let firstRead = try archive.behaviorObservations(for: Date(timeIntervalSince1970: 1_783_663_210))
109 |     clock.now = Date(timeIntervalSince1970: 1_783_663_220)
110 |     _ = try policyStore.save(archivePolicy(work: [], gaming: ["Steam"]))
    |                         `- warning: 'save' is deprecated: Use saveMutation for user-driven writes. This escape hatch is only for system maintenance and bootstrap. [#DeprecatedDeclaration]
111 |     let secondRead = try archive.behaviorObservations(for: Date(timeIntervalSince1970: 1_783_663_210))
112 | 

/private/tmp/zoid-integrate-zc037-compact-helper/Tests/ZoidCoachAppTests/ScreenwatchArchiveTests.swift:162:25: warning: 'save' is deprecated: Use saveMutation for user-driven writes. This escape hatch is only for system maintenance and bootstrap. [#DeprecatedDeclaration]
160 |         now: { Date(timeIntervalSince1970: 1_783_663_190) }
161 |     )
162 |     _ = try policyStore.save(archivePolicy(work: [], gaming: ["Slack"]))
    |                         `- warning: 'save' is deprecated: Use saveMutation for user-driven writes. This escape hatch is only for system maintenance and bootstrap. [#DeprecatedDeclaration]
163 |     let log = """
164 |     {"t":"09-00-00","epoch":1783663200,"app":"Slack","window":"Engineering project workspace","url":"","img":false}

/private/tmp/zoid-integrate-zc037-compact-helper/Tests/ZoidCoachAppTests/SettingsPolicyDraftTests.swift:496:19: warning: 'save' is deprecated: Use saveMutation for user-driven writes. This escape hatch is only for system maintenance and bootstrap. [#DeprecatedDeclaration]
 494 |     let store = try PolicyStore(databaseURL: databaseURL)
 495 |     let first = UserPolicy.defaults(timeZoneIdentifier: "UTC")
 496 |     _ = try store.save(first)
     |                   `- warning: 'save' is deprecated: Use saveMutation for user-driven writes. This escape hatch is only for system maintenance and bootstrap. [#DeprecatedDeclaration]
 497 |     var changedDraft = SettingsPolicyDraft(policy: first)
 498 |     changedDraft.capacityPercent = 85

/private/tmp/zoid-integrate-zc037-compact-helper/Tests/ZoidCoachAppTests/SettingsPolicyDraftTests.swift:499:19: warning: 'save' is deprecated: Use saveMutation for user-driven writes. This escape hatch is only for system maintenance and bootstrap. [#DeprecatedDeclaration]
 497 |     var changedDraft = SettingsPolicyDraft(policy: first)
 498 |     changedDraft.capacityPercent = 85
 499 |     _ = try store.save(changedDraft.policy(preserving: first))
     |                   `- warning: 'save' is deprecated: Use saveMutation for user-driven writes. This escape hatch is only for system maintenance and bootstrap. [#DeprecatedDeclaration]
 500 |     let controller = SettingsPolicyController(databaseURL: databaseURL) { request in
 501 |         let saved = try store.saveMutation(request)

/private/tmp/zoid-integrate-zc037-compact-helper/Tests/ZoidCoachAppTests/SettingsPolicyDraftTests.swift:527:19: warning: 'save' is deprecated: Use saveMutation for user-driven writes. This escape hatch is only for system maintenance and bootstrap. [#DeprecatedDeclaration]
 525 |     }
 526 |     let store = try PolicyStore(databaseURL: databaseURL)
 527 |     _ = try store.save(.defaults(timeZoneIdentifier: "UTC"))
     |                   `- warning: 'save' is deprecated: Use saveMutation for user-driven writes. This escape hatch is only for system maintenance and bootstrap. [#DeprecatedDeclaration]
 528 |     let referenceDate = try #require(ISO8601DateFormatter().date(from: "2026-07-14T00:30:00Z"))
 529 |     let warning = TimeZonePlanMoveWarning(

/private/tmp/zoid-integrate-zc037-compact-helper/Tests/ZoidCoachAppTests/SettingsPolicyDraftTests.swift:619:19: warning: 'save' is deprecated: Use saveMutation for user-driven writes. This escape hatch is only for system maintenance and bootstrap. [#DeprecatedDeclaration]
 617 |     }
 618 |     let store = try PolicyStore(databaseURL: databaseURL)
 619 |     _ = try store.save(.defaults(timeZoneIdentifier: "UTC"))
     |                   `- warning: 'save' is deprecated: Use saveMutation for user-driven writes. This escape hatch is only for system maintenance and bootstrap. [#DeprecatedDeclaration]
 620 |     let controller = SettingsPolicyController(
 621 |         databaseURL: databaseURL,

/private/tmp/zoid-integrate-zc037-compact-helper/Tests/ZoidCoachAppTests/SettingsPolicyDraftTests.swift:652:19: warning: 'save' is deprecated: Use saveMutation for user-driven writes. This escape hatch is only for system maintenance and bootstrap. [#DeprecatedDeclaration]
 650 |     }
 651 |     let store = try PolicyStore(databaseURL: databaseURL)
 652 |     _ = try store.save(.defaults(timeZoneIdentifier: "UTC"))
     |                   `- warning: 'save' is deprecated: Use saveMutation for user-driven writes. This escape hatch is only for system maintenance and bootstrap. [#DeprecatedDeclaration]
 653 |     let controller = SettingsPolicyController(
 654 |         databaseURL: databaseURL,

/private/tmp/zoid-integrate-zc037-compact-helper/Tests/ZoidCoachAppTests/SettingsPolicyDraftTests.swift:678:19: warning: 'save' is deprecated: Use saveMutation for user-driven writes. This escape hatch is only for system maintenance and bootstrap. [#DeprecatedDeclaration]
 676 |     let referenceDate = try #require(ISO8601DateFormatter().date(from: "2026-07-14T00:30:00Z"))
 677 |     let store = try PolicyStore(databaseURL: databaseURL)
 678 |     _ = try store.save(.defaults(timeZoneIdentifier: "UTC"))
     |                   `- warning: 'save' is deprecated: Use saveMutation for user-driven writes. This escape hatch is only for system maintenance and bootstrap. [#DeprecatedDeclaration]
 679 |     let sourcePlanStore = try AutonomousPlanStore(databaseURL: databaseURL, timeZoneIdentifier: { "UTC" })
 680 |     try sourcePlanStore.replaceDailyPlan(

/private/tmp/zoid-integrate-zc037-compact-helper/Tests/ZoidCoachAppTests/SettingsPolicyDraftTests.swift:857:19: warning: 'save' is deprecated: Use saveMutation for user-driven writes. This escape hatch is only for system maintenance and bootstrap. [#DeprecatedDeclaration]
 855 |     }
 856 |     let store = try PolicyStore(databaseURL: databaseURL)
 857 |     _ = try store.save(.defaults(timeZoneIdentifier: "UTC"))
     |                   `- warning: 'save' is deprecated: Use saveMutation for user-driven writes. This escape hatch is only for system maintenance and bootstrap. [#DeprecatedDeclaration]
 858 |     let controller = SettingsPolicyController(databaseURL: databaseURL) { request in
 859 |         let saved = try store.saveMutation(request)

/private/tmp/zoid-integrate-zc037-compact-helper/Tests/ZoidCoachAppTests/SettingsPolicyDraftTests.swift:891:19: warning: 'save' is deprecated: Use saveMutation for user-driven writes. This escape hatch is only for system maintenance and bootstrap. [#DeprecatedDeclaration]
 889 |     }
 890 |     let store = try PolicyStore(databaseURL: databaseURL)
 891 |     _ = try store.save(.defaults(timeZoneIdentifier: "UTC"))
     |                   `- warning: 'save' is deprecated: Use saveMutation for user-driven writes. This escape hatch is only for system maintenance and bootstrap. [#DeprecatedDeclaration]
 892 |     let controller = SettingsPolicyController(databaseURL: databaseURL) { request in
 893 |         let saved = try store.saveMutation(request)

/private/tmp/zoid-integrate-zc037-compact-helper/Tests/ZoidCoachAppTests/SettingsPolicyDraftTests.swift:936:19: warning: 'save' is deprecated: Use saveMutation for user-driven writes. This escape hatch is only for system maintenance and bootstrap. [#DeprecatedDeclaration]
 934 |     }
 935 |     let store = try PolicyStore(databaseURL: databaseURL)
 936 |     _ = try store.save(.defaults(timeZoneIdentifier: "Africa/Cairo"))
     |                   `- warning: 'save' is deprecated: Use saveMutation for user-driven writes. This escape hatch is only for system maintenance and bootstrap. [#DeprecatedDeclaration]
 937 |     let controller = SettingsPolicyController(databaseURL: databaseURL) { request in
 938 |         let saved = try store.saveMutation(request)

/private/tmp/zoid-integrate-zc037-compact-helper/Tests/ZoidCoachAppTests/SettingsPolicyDraftTests.swift:981:19: warning: 'save' is deprecated: Use saveMutation for user-driven writes. This escape hatch is only for system maintenance and bootstrap. [#DeprecatedDeclaration]
 979 |     }
 980 |     let store = try PolicyStore(databaseURL: databaseURL)
 981 |     _ = try store.save(.defaults(timeZoneIdentifier: "UTC"))
     |                   `- warning: 'save' is deprecated: Use saveMutation for user-driven writes. This escape hatch is only for system maintenance and bootstrap. [#DeprecatedDeclaration]
 982 |     let apply: @Sendable (PolicyMutationRequest) async throws -> AgentMutationReceipt = { request in
 983 |         let receipt = try store.saveMutation(request)

/private/tmp/zoid-integrate-zc037-compact-helper/Tests/ZoidCoachAppTests/SettingsPolicyDraftTests.swift:1149:19: warning: 'save' is deprecated: Use saveMutation for user-driven writes. This escape hatch is only for system maintenance and bootstrap. [#DeprecatedDeclaration]
1147 |     }
1148 |     let store = try PolicyStore(databaseURL: databaseURL)
1149 |     _ = try store.save(.defaults(timeZoneIdentifier: "UTC"))
     |                   `- warning: 'save' is deprecated: Use saveMutation for user-driven writes. This escape hatch is only for system maintenance and bootstrap. [#DeprecatedDeclaration]
1150 |     let controller = SettingsPolicyController(databaseURL: databaseURL) { _ in
1151 |         AgentMutationReceipt(accepted: true, message: "saved", policyVersion: 2)

[#DeprecatedDeclaration]: <https://docs.swift.org/compiler/documentation/diagnostics/deprecated-declaration>
[299/357] Compiling ZoidCoachAppTests SettingsPolicyDraftTests.swift
/private/tmp/zoid-integrate-zc037-compact-helper/Tests/ZoidCoachAppTests/ScreenwatchArchiveTests.swift:96:25: warning: 'save' is deprecated: Use saveMutation for user-driven writes. This escape hatch is only for system maintenance and bootstrap. [#DeprecatedDeclaration]
 94 |     let clock = ArchivePolicyClock(Date(timeIntervalSince1970: 1_783_663_190))
 95 |     let policyStore = try PolicyStore(databaseURL: databaseURL, now: { clock.now })
 96 |     _ = try policyStore.save(archivePolicy(work: [], gaming: ["Steam"]))
    |                         `- warning: 'save' is deprecated: Use saveMutation for user-driven writes. This escape hatch is only for system maintenance and bootstrap. [#DeprecatedDeclaration]
 97 |     clock.now = Date(timeIntervalSince1970: 1_783_663_203)
 98 |     _ = try policyStore.save(archivePolicy(work: ["Steam"], gaming: []))

/private/tmp/zoid-integrate-zc037-compact-helper/Tests/ZoidCoachAppTests/ScreenwatchArchiveTests.swift:98:25: warning: 'save' is deprecated: Use saveMutation for user-driven writes. This escape hatch is only for system maintenance and bootstrap. [#DeprecatedDeclaration]
 96 |     _ = try policyStore.save(archivePolicy(work: [], gaming: ["Steam"]))
 97 |     clock.now = Date(timeIntervalSince1970: 1_783_663_203)
 98 |     _ = try policyStore.save(archivePolicy(work: ["Steam"], gaming: []))
    |                         `- warning: 'save' is deprecated: Use saveMutation for user-driven writes. This escape hatch is only for system maintenance and bootstrap. [#DeprecatedDeclaration]
 99 |     let log = """
100 |     {"t":"09-00-00","epoch":1783663200,"app":"Steam","window":"Game","url":"","img":false}

/private/tmp/zoid-integrate-zc037-compact-helper/Tests/ZoidCoachAppTests/ScreenwatchArchiveTests.swift:110:25: warning: 'save' is deprecated: Use saveMutation for user-driven writes. This escape hatch is only for system maintenance and bootstrap. [#DeprecatedDeclaration]
108 |     let firstRead = try archive.behaviorObservations(for: Date(timeIntervalSince1970: 1_783_663_210))
109 |     clock.now = Date(timeIntervalSince1970: 1_783_663_220)
110 |     _ = try policyStore.save(archivePolicy(work: [], gaming: ["Steam"]))
    |                         `- warning: 'save' is deprecated: Use saveMutation for user-driven writes. This escape hatch is only for system maintenance and bootstrap. [#DeprecatedDeclaration]
111 |     let secondRead = try archive.behaviorObservations(for: Date(timeIntervalSince1970: 1_783_663_210))
112 | 

/private/tmp/zoid-integrate-zc037-compact-helper/Tests/ZoidCoachAppTests/ScreenwatchArchiveTests.swift:162:25: warning: 'save' is deprecated: Use saveMutation for user-driven writes. This escape hatch is only for system maintenance and bootstrap. [#DeprecatedDeclaration]
160 |         now: { Date(timeIntervalSince1970: 1_783_663_190) }
161 |     )
162 |     _ = try policyStore.save(archivePolicy(work: [], gaming: ["Slack"]))
    |                         `- warning: 'save' is deprecated: Use saveMutation for user-driven writes. This escape hatch is only for system maintenance and bootstrap. [#DeprecatedDeclaration]
163 |     let log = """
164 |     {"t":"09-00-00","epoch":1783663200,"app":"Slack","window":"Engineering project workspace","url":"","img":false}

/private/tmp/zoid-integrate-zc037-compact-helper/Tests/ZoidCoachAppTests/SettingsPolicyDraftTests.swift:496:19: warning: 'save' is deprecated: Use saveMutation for user-driven writes. This escape hatch is only for system maintenance and bootstrap. [#DeprecatedDeclaration]
 494 |     let store = try PolicyStore(databaseURL: databaseURL)
 495 |     let first = UserPolicy.defaults(timeZoneIdentifier: "UTC")
 496 |     _ = try store.save(first)
     |                   `- warning: 'save' is deprecated: Use saveMutation for user-driven writes. This escape hatch is only for system maintenance and bootstrap. [#DeprecatedDeclaration]
 497 |     var changedDraft = SettingsPolicyDraft(policy: first)
 498 |     changedDraft.capacityPercent = 85

/private/tmp/zoid-integrate-zc037-compact-helper/Tests/ZoidCoachAppTests/SettingsPolicyDraftTests.swift:499:19: warning: 'save' is deprecated: Use saveMutation for user-driven writes. This escape hatch is only for system maintenance and bootstrap. [#DeprecatedDeclaration]
 497 |     var changedDraft = SettingsPolicyDraft(policy: first)
 498 |     changedDraft.capacityPercent = 85
 499 |     _ = try store.save(changedDraft.policy(preserving: first))
     |                   `- warning: 'save' is deprecated: Use saveMutation for user-driven writes. This escape hatch is only for system maintenance and bootstrap. [#DeprecatedDeclaration]
 500 |     let controller = SettingsPolicyController(databaseURL: databaseURL) { request in
 501 |         let saved = try store.saveMutation(request)

/private/tmp/zoid-integrate-zc037-compact-helper/Tests/ZoidCoachAppTests/SettingsPolicyDraftTests.swift:527:19: warning: 'save' is deprecated: Use saveMutation for user-driven writes. This escape hatch is only for system maintenance and bootstrap. [#DeprecatedDeclaration]
 525 |     }
 526 |     let store = try PolicyStore(databaseURL: databaseURL)
 527 |     _ = try store.save(.defaults(timeZoneIdentifier: "UTC"))
     |                   `- warning: 'save' is deprecated: Use saveMutation for user-driven writes. This escape hatch is only for system maintenance and bootstrap. [#DeprecatedDeclaration]
 528 |     let referenceDate = try #require(ISO8601DateFormatter().date(from: "2026-07-14T00:30:00Z"))
 529 |     let warning = TimeZonePlanMoveWarning(

/private/tmp/zoid-integrate-zc037-compact-helper/Tests/ZoidCoachAppTests/SettingsPolicyDraftTests.swift:619:19: warning: 'save' is deprecated: Use saveMutation for user-driven writes. This escape hatch is only for system maintenance and bootstrap. [#DeprecatedDeclaration]
 617 |     }
 618 |     let store = try PolicyStore(databaseURL: databaseURL)
 619 |     _ = try store.save(.defaults(timeZoneIdentifier: "UTC"))
     |                   `- warning: 'save' is deprecated: Use saveMutation for user-driven writes. This escape hatch is only for system maintenance and bootstrap. [#DeprecatedDeclaration]
 620 |     let controller = SettingsPolicyController(
 621 |         databaseURL: databaseURL,

/private/tmp/zoid-integrate-zc037-compact-helper/Tests/ZoidCoachAppTests/SettingsPolicyDraftTests.swift:652:19: warning: 'save' is deprecated: Use saveMutation for user-driven writes. This escape hatch is only for system maintenance and bootstrap. [#DeprecatedDeclaration]
 650 |     }
 651 |     let store = try PolicyStore(databaseURL: databaseURL)
 652 |     _ = try store.save(.defaults(timeZoneIdentifier: "UTC"))
     |                   `- warning: 'save' is deprecated: Use saveMutation for user-driven writes. This escape hatch is only for system maintenance and bootstrap. [#DeprecatedDeclaration]
 653 |     let controller = SettingsPolicyController(
 654 |         databaseURL: databaseURL,

/private/tmp/zoid-integrate-zc037-compact-helper/Tests/ZoidCoachAppTests/SettingsPolicyDraftTests.swift:678:19: warning: 'save' is deprecated: Use saveMutation for user-driven writes. This escape hatch is only for system maintenance and bootstrap. [#DeprecatedDeclaration]
 676 |     let referenceDate = try #require(ISO8601DateFormatter().date(from: "2026-07-14T00:30:00Z"))
 677 |     let store = try PolicyStore(databaseURL: databaseURL)
 678 |     _ = try store.save(.defaults(timeZoneIdentifier: "UTC"))
     |                   `- warning: 'save' is deprecated: Use saveMutation for user-driven writes. This escape hatch is only for system maintenance and bootstrap. [#DeprecatedDeclaration]
 679 |     let sourcePlanStore = try AutonomousPlanStore(databaseURL: databaseURL, timeZoneIdentifier: { "UTC" })
 680 |     try sourcePlanStore.replaceDailyPlan(

/private/tmp/zoid-integrate-zc037-compact-helper/Tests/ZoidCoachAppTests/SettingsPolicyDraftTests.swift:857:19: warning: 'save' is deprecated: Use saveMutation for user-driven writes. This escape hatch is only for system maintenance and bootstrap. [#DeprecatedDeclaration]
 855 |     }
 856 |     let store = try PolicyStore(databaseURL: databaseURL)
 857 |     _ = try store.save(.defaults(timeZoneIdentifier: "UTC"))
     |                   `- warning: 'save' is deprecated: Use saveMutation for user-driven writes. This escape hatch is only for system maintenance and bootstrap. [#DeprecatedDeclaration]
 858 |     let controller = SettingsPolicyController(databaseURL: databaseURL) { request in
 859 |         let saved = try store.saveMutation(request)

/private/tmp/zoid-integrate-zc037-compact-helper/Tests/ZoidCoachAppTests/SettingsPolicyDraftTests.swift:891:19: warning: 'save' is deprecated: Use saveMutation for user-driven writes. This escape hatch is only for system maintenance and bootstrap. [#DeprecatedDeclaration]
 889 |     }
 890 |     let store = try PolicyStore(databaseURL: databaseURL)
 891 |     _ = try store.save(.defaults(timeZoneIdentifier: "UTC"))
     |                   `- warning: 'save' is deprecated: Use saveMutation for user-driven writes. This escape hatch is only for system maintenance and bootstrap. [#DeprecatedDeclaration]
 892 |     let controller = SettingsPolicyController(databaseURL: databaseURL) { request in
 893 |         let saved = try store.saveMutation(request)

/private/tmp/zoid-integrate-zc037-compact-helper/Tests/ZoidCoachAppTests/SettingsPolicyDraftTests.swift:936:19: warning: 'save' is deprecated: Use saveMutation for user-driven writes. This escape hatch is only for system maintenance and bootstrap. [#DeprecatedDeclaration]
 934 |     }
 935 |     let store = try PolicyStore(databaseURL: databaseURL)
 936 |     _ = try store.save(.defaults(timeZoneIdentifier: "Africa/Cairo"))
     |                   `- warning: 'save' is deprecated: Use saveMutation for user-driven writes. This escape hatch is only for system maintenance and bootstrap. [#DeprecatedDeclaration]
 937 |     let controller = SettingsPolicyController(databaseURL: databaseURL) { request in
 938 |         let saved = try store.saveMutation(request)

/private/tmp/zoid-integrate-zc037-compact-helper/Tests/ZoidCoachAppTests/SettingsPolicyDraftTests.swift:981:19: warning: 'save' is deprecated: Use saveMutation for user-driven writes. This escape hatch is only for system maintenance and bootstrap. [#DeprecatedDeclaration]
 979 |     }
 980 |     let store = try PolicyStore(databaseURL: databaseURL)
 981 |     _ = try store.save(.defaults(timeZoneIdentifier: "UTC"))
     |                   `- warning: 'save' is deprecated: Use saveMutation for user-driven writes. This escape hatch is only for system maintenance and bootstrap. [#DeprecatedDeclaration]
 982 |     let apply: @Sendable (PolicyMutationRequest) async throws -> AgentMutationReceipt = { request in
 983 |         let receipt = try store.saveMutation(request)

/private/tmp/zoid-integrate-zc037-compact-helper/Tests/ZoidCoachAppTests/SettingsPolicyDraftTests.swift:1149:19: warning: 'save' is deprecated: Use saveMutation for user-driven writes. This escape hatch is only for system maintenance and bootstrap. [#DeprecatedDeclaration]
1147 |     }
1148 |     let store = try PolicyStore(databaseURL: databaseURL)
1149 |     _ = try store.save(.defaults(timeZoneIdentifier: "UTC"))
     |                   `- warning: 'save' is deprecated: Use saveMutation for user-driven writes. This escape hatch is only for system maintenance and bootstrap. [#DeprecatedDeclaration]
1150 |     let controller = SettingsPolicyController(databaseURL: databaseURL) { _ in
1151 |         AgentMutationReceipt(accepted: true, message: "saved", policyVersion: 2)

[#DeprecatedDeclaration]: <https://docs.swift.org/compiler/documentation/diagnostics/deprecated-declaration>
[300/357] Compiling ZoidCoachAppTests SettingsRetentionControlsTests.swift
/private/tmp/zoid-integrate-zc037-compact-helper/Tests/ZoidCoachAppTests/ScreenwatchArchiveTests.swift:96:25: warning: 'save' is deprecated: Use saveMutation for user-driven writes. This escape hatch is only for system maintenance and bootstrap. [#DeprecatedDeclaration]
 94 |     let clock = ArchivePolicyClock(Date(timeIntervalSince1970: 1_783_663_190))
 95 |     let policyStore = try PolicyStore(databaseURL: databaseURL, now: { clock.now })
 96 |     _ = try policyStore.save(archivePolicy(work: [], gaming: ["Steam"]))
    |                         `- warning: 'save' is deprecated: Use saveMutation for user-driven writes. This escape hatch is only for system maintenance and bootstrap. [#DeprecatedDeclaration]
 97 |     clock.now = Date(timeIntervalSince1970: 1_783_663_203)
 98 |     _ = try policyStore.save(archivePolicy(work: ["Steam"], gaming: []))

/private/tmp/zoid-integrate-zc037-compact-helper/Tests/ZoidCoachAppTests/ScreenwatchArchiveTests.swift:98:25: warning: 'save' is deprecated: Use saveMutation for user-driven writes. This escape hatch is only for system maintenance and bootstrap. [#DeprecatedDeclaration]
 96 |     _ = try policyStore.save(archivePolicy(work: [], gaming: ["Steam"]))
 97 |     clock.now = Date(timeIntervalSince1970: 1_783_663_203)
 98 |     _ = try policyStore.save(archivePolicy(work: ["Steam"], gaming: []))
    |                         `- warning: 'save' is deprecated: Use saveMutation for user-driven writes. This escape hatch is only for system maintenance and bootstrap. [#DeprecatedDeclaration]
 99 |     let log = """
100 |     {"t":"09-00-00","epoch":1783663200,"app":"Steam","window":"Game","url":"","img":false}

/private/tmp/zoid-integrate-zc037-compact-helper/Tests/ZoidCoachAppTests/ScreenwatchArchiveTests.swift:110:25: warning: 'save' is deprecated: Use saveMutation for user-driven writes. This escape hatch is only for system maintenance and bootstrap. [#DeprecatedDeclaration]
108 |     let firstRead = try archive.behaviorObservations(for: Date(timeIntervalSince1970: 1_783_663_210))
109 |     clock.now = Date(timeIntervalSince1970: 1_783_663_220)
110 |     _ = try policyStore.save(archivePolicy(work: [], gaming: ["Steam"]))
    |                         `- warning: 'save' is deprecated: Use saveMutation for user-driven writes. This escape hatch is only for system maintenance and bootstrap. [#DeprecatedDeclaration]
111 |     let secondRead = try archive.behaviorObservations(for: Date(timeIntervalSince1970: 1_783_663_210))
112 | 

/private/tmp/zoid-integrate-zc037-compact-helper/Tests/ZoidCoachAppTests/ScreenwatchArchiveTests.swift:162:25: warning: 'save' is deprecated: Use saveMutation for user-driven writes. This escape hatch is only for system maintenance and bootstrap. [#DeprecatedDeclaration]
160 |         now: { Date(timeIntervalSince1970: 1_783_663_190) }
161 |     )
162 |     _ = try policyStore.save(archivePolicy(work: [], gaming: ["Slack"]))
    |                         `- warning: 'save' is deprecated: Use saveMutation for user-driven writes. This escape hatch is only for system maintenance and bootstrap. [#DeprecatedDeclaration]
163 |     let log = """
164 |     {"t":"09-00-00","epoch":1783663200,"app":"Slack","window":"Engineering project workspace","url":"","img":false}

/private/tmp/zoid-integrate-zc037-compact-helper/Tests/ZoidCoachAppTests/SettingsPolicyDraftTests.swift:496:19: warning: 'save' is deprecated: Use saveMutation for user-driven writes. This escape hatch is only for system maintenance and bootstrap. [#DeprecatedDeclaration]
 494 |     let store = try PolicyStore(databaseURL: databaseURL)
 495 |     let first = UserPolicy.defaults(timeZoneIdentifier: "UTC")
 496 |     _ = try store.save(first)
     |                   `- warning: 'save' is deprecated: Use saveMutation for user-driven writes. This escape hatch is only for system maintenance and bootstrap. [#DeprecatedDeclaration]
 497 |     var changedDraft = SettingsPolicyDraft(policy: first)
 498 |     changedDraft.capacityPercent = 85

/private/tmp/zoid-integrate-zc037-compact-helper/Tests/ZoidCoachAppTests/SettingsPolicyDraftTests.swift:499:19: warning: 'save' is deprecated: Use saveMutation for user-driven writes. This escape hatch is only for system maintenance and bootstrap. [#DeprecatedDeclaration]
 497 |     var changedDraft = SettingsPolicyDraft(policy: first)
 498 |     changedDraft.capacityPercent = 85
 499 |     _ = try store.save(changedDraft.policy(preserving: first))
     |                   `- warning: 'save' is deprecated: Use saveMutation for user-driven writes. This escape hatch is only for system maintenance and bootstrap. [#DeprecatedDeclaration]
 500 |     let controller = SettingsPolicyController(databaseURL: databaseURL) { request in
 501 |         let saved = try store.saveMutation(request)

/private/tmp/zoid-integrate-zc037-compact-helper/Tests/ZoidCoachAppTests/SettingsPolicyDraftTests.swift:527:19: warning: 'save' is deprecated: Use saveMutation for user-driven writes. This escape hatch is only for system maintenance and bootstrap. [#DeprecatedDeclaration]
 525 |     }
 526 |     let store = try PolicyStore(databaseURL: databaseURL)
 527 |     _ = try store.save(.defaults(timeZoneIdentifier: "UTC"))
     |                   `- warning: 'save' is deprecated: Use saveMutation for user-driven writes. This escape hatch is only for system maintenance and bootstrap. [#DeprecatedDeclaration]
 528 |     let referenceDate = try #require(ISO8601DateFormatter().date(from: "2026-07-14T00:30:00Z"))
 529 |     let warning = TimeZonePlanMoveWarning(

/private/tmp/zoid-integrate-zc037-compact-helper/Tests/ZoidCoachAppTests/SettingsPolicyDraftTests.swift:619:19: warning: 'save' is deprecated: Use saveMutation for user-driven writes. This escape hatch is only for system maintenance and bootstrap. [#DeprecatedDeclaration]
 617 |     }
 618 |     let store = try PolicyStore(databaseURL: databaseURL)
 619 |     _ = try store.save(.defaults(timeZoneIdentifier: "UTC"))
     |                   `- warning: 'save' is deprecated: Use saveMutation for user-driven writes. This escape hatch is only for system maintenance and bootstrap. [#DeprecatedDeclaration]
 620 |     let controller = SettingsPolicyController(
 621 |         databaseURL: databaseURL,

/private/tmp/zoid-integrate-zc037-compact-helper/Tests/ZoidCoachAppTests/SettingsPolicyDraftTests.swift:652:19: warning: 'save' is deprecated: Use saveMutation for user-driven writes. This escape hatch is only for system maintenance and bootstrap. [#DeprecatedDeclaration]
 650 |     }
 651 |     let store = try PolicyStore(databaseURL: databaseURL)
 652 |     _ = try store.save(.defaults(timeZoneIdentifier: "UTC"))
     |                   `- warning: 'save' is deprecated: Use saveMutation for user-driven writes. This escape hatch is only for system maintenance and bootstrap. [#DeprecatedDeclaration]
 653 |     let controller = SettingsPolicyController(
 654 |         databaseURL: databaseURL,

/private/tmp/zoid-integrate-zc037-compact-helper/Tests/ZoidCoachAppTests/SettingsPolicyDraftTests.swift:678:19: warning: 'save' is deprecated: Use saveMutation for user-driven writes. This escape hatch is only for system maintenance and bootstrap. [#DeprecatedDeclaration]
 676 |     let referenceDate = try #require(ISO8601DateFormatter().date(from: "2026-07-14T00:30:00Z"))
 677 |     let store = try PolicyStore(databaseURL: databaseURL)
 678 |     _ = try store.save(.defaults(timeZoneIdentifier: "UTC"))
     |                   `- warning: 'save' is deprecated: Use saveMutation for user-driven writes. This escape hatch is only for system maintenance and bootstrap. [#DeprecatedDeclaration]
 679 |     let sourcePlanStore = try AutonomousPlanStore(databaseURL: databaseURL, timeZoneIdentifier: { "UTC" })
 680 |     try sourcePlanStore.replaceDailyPlan(

/private/tmp/zoid-integrate-zc037-compact-helper/Tests/ZoidCoachAppTests/SettingsPolicyDraftTests.swift:857:19: warning: 'save' is deprecated: Use saveMutation for user-driven writes. This escape hatch is only for system maintenance and bootstrap. [#DeprecatedDeclaration]
 855 |     }
 856 |     let store = try PolicyStore(databaseURL: databaseURL)
 857 |     _ = try store.save(.defaults(timeZoneIdentifier: "UTC"))
     |                   `- warning: 'save' is deprecated: Use saveMutation for user-driven writes. This escape hatch is only for system maintenance and bootstrap. [#DeprecatedDeclaration]
 858 |     let controller = SettingsPolicyController(databaseURL: databaseURL) { request in
 859 |         let saved = try store.saveMutation(request)

/private/tmp/zoid-integrate-zc037-compact-helper/Tests/ZoidCoachAppTests/SettingsPolicyDraftTests.swift:891:19: warning: 'save' is deprecated: Use saveMutation for user-driven writes. This escape hatch is only for system maintenance and bootstrap. [#DeprecatedDeclaration]
 889 |     }
 890 |     let store = try PolicyStore(databaseURL: databaseURL)
 891 |     _ = try store.save(.defaults(timeZoneIdentifier: "UTC"))
     |                   `- warning: 'save' is deprecated: Use saveMutation for user-driven writes. This escape hatch is only for system maintenance and bootstrap. [#DeprecatedDeclaration]
 892 |     let controller = SettingsPolicyController(databaseURL: databaseURL) { request in
 893 |         let saved = try store.saveMutation(request)

/private/tmp/zoid-integrate-zc037-compact-helper/Tests/ZoidCoachAppTests/SettingsPolicyDraftTests.swift:936:19: warning: 'save' is deprecated: Use saveMutation for user-driven writes. This escape hatch is only for system maintenance and bootstrap. [#DeprecatedDeclaration]
 934 |     }
 935 |     let store = try PolicyStore(databaseURL: databaseURL)
 936 |     _ = try store.save(.defaults(timeZoneIdentifier: "Africa/Cairo"))
     |                   `- warning: 'save' is deprecated: Use saveMutation for user-driven writes. This escape hatch is only for system maintenance and bootstrap. [#DeprecatedDeclaration]
 937 |     let controller = SettingsPolicyController(databaseURL: databaseURL) { request in
 938 |         let saved = try store.saveMutation(request)

/private/tmp/zoid-integrate-zc037-compact-helper/Tests/ZoidCoachAppTests/SettingsPolicyDraftTests.swift:981:19: warning: 'save' is deprecated: Use saveMutation for user-driven writes. This escape hatch is only for system maintenance and bootstrap. [#DeprecatedDeclaration]
 979 |     }
 980 |     let store = try PolicyStore(databaseURL: databaseURL)
 981 |     _ = try store.save(.defaults(timeZoneIdentifier: "UTC"))
     |                   `- warning: 'save' is deprecated: Use saveMutation for user-driven writes. This escape hatch is only for system maintenance and bootstrap. [#DeprecatedDeclaration]
 982 |     let apply: @Sendable (PolicyMutationRequest) async throws -> AgentMutationReceipt = { request in
 983 |         let receipt = try store.saveMutation(request)

/private/tmp/zoid-integrate-zc037-compact-helper/Tests/ZoidCoachAppTests/SettingsPolicyDraftTests.swift:1149:19: warning: 'save' is deprecated: Use saveMutation for user-driven writes. This escape hatch is only for system maintenance and bootstrap. [#DeprecatedDeclaration]
1147 |     }
1148 |     let store = try PolicyStore(databaseURL: databaseURL)
1149 |     _ = try store.save(.defaults(timeZoneIdentifier: "UTC"))
     |                   `- warning: 'save' is deprecated: Use saveMutation for user-driven writes. This escape hatch is only for system maintenance and bootstrap. [#DeprecatedDeclaration]
1150 |     let controller = SettingsPolicyController(databaseURL: databaseURL) { _ in
1151 |         AgentMutationReceipt(accepted: true, message: "saved", policyVersion: 2)

[#DeprecatedDeclaration]: <https://docs.swift.org/compiler/documentation/diagnostics/deprecated-declaration>
[301/357] Compiling ZoidCoachAppTests SignedQATimeZonePickerControlTests.swift
/private/tmp/zoid-integrate-zc037-compact-helper/Tests/ZoidCoachAppTests/ScreenwatchArchiveTests.swift:96:25: warning: 'save' is deprecated: Use saveMutation for user-driven writes. This escape hatch is only for system maintenance and bootstrap. [#DeprecatedDeclaration]
 94 |     let clock = ArchivePolicyClock(Date(timeIntervalSince1970: 1_783_663_190))
 95 |     let policyStore = try PolicyStore(databaseURL: databaseURL, now: { clock.now })
 96 |     _ = try policyStore.save(archivePolicy(work: [], gaming: ["Steam"]))
    |                         `- warning: 'save' is deprecated: Use saveMutation for user-driven writes. This escape hatch is only for system maintenance and bootstrap. [#DeprecatedDeclaration]
 97 |     clock.now = Date(timeIntervalSince1970: 1_783_663_203)
 98 |     _ = try policyStore.save(archivePolicy(work: ["Steam"], gaming: []))

/private/tmp/zoid-integrate-zc037-compact-helper/Tests/ZoidCoachAppTests/ScreenwatchArchiveTests.swift:98:25: warning: 'save' is deprecated: Use saveMutation for user-driven writes. This escape hatch is only for system maintenance and bootstrap. [#DeprecatedDeclaration]
 96 |     _ = try policyStore.save(archivePolicy(work: [], gaming: ["Steam"]))
 97 |     clock.now = Date(timeIntervalSince1970: 1_783_663_203)
 98 |     _ = try policyStore.save(archivePolicy(work: ["Steam"], gaming: []))
    |                         `- warning: 'save' is deprecated: Use saveMutation for user-driven writes. This escape hatch is only for system maintenance and bootstrap. [#DeprecatedDeclaration]
 99 |     let log = """
100 |     {"t":"09-00-00","epoch":1783663200,"app":"Steam","window":"Game","url":"","img":false}

/private/tmp/zoid-integrate-zc037-compact-helper/Tests/ZoidCoachAppTests/ScreenwatchArchiveTests.swift:110:25: warning: 'save' is deprecated: Use saveMutation for user-driven writes. This escape hatch is only for system maintenance and bootstrap. [#DeprecatedDeclaration]
108 |     let firstRead = try archive.behaviorObservations(for: Date(timeIntervalSince1970: 1_783_663_210))
109 |     clock.now = Date(timeIntervalSince1970: 1_783_663_220)
110 |     _ = try policyStore.save(archivePolicy(work: [], gaming: ["Steam"]))
    |                         `- warning: 'save' is deprecated: Use saveMutation for user-driven writes. This escape hatch is only for system maintenance and bootstrap. [#DeprecatedDeclaration]
111 |     let secondRead = try archive.behaviorObservations(for: Date(timeIntervalSince1970: 1_783_663_210))
112 | 

/private/tmp/zoid-integrate-zc037-compact-helper/Tests/ZoidCoachAppTests/ScreenwatchArchiveTests.swift:162:25: warning: 'save' is deprecated: Use saveMutation for user-driven writes. This escape hatch is only for system maintenance and bootstrap. [#DeprecatedDeclaration]
160 |         now: { Date(timeIntervalSince1970: 1_783_663_190) }
161 |     )
162 |     _ = try policyStore.save(archivePolicy(work: [], gaming: ["Slack"]))
    |                         `- warning: 'save' is deprecated: Use saveMutation for user-driven writes. This escape hatch is only for system maintenance and bootstrap. [#DeprecatedDeclaration]
163 |     let log = """
164 |     {"t":"09-00-00","epoch":1783663200,"app":"Slack","window":"Engineering project workspace","url":"","img":false}

/private/tmp/zoid-integrate-zc037-compact-helper/Tests/ZoidCoachAppTests/SettingsPolicyDraftTests.swift:496:19: warning: 'save' is deprecated: Use saveMutation for user-driven writes. This escape hatch is only for system maintenance and bootstrap. [#DeprecatedDeclaration]
 494 |     let store = try PolicyStore(databaseURL: databaseURL)
 495 |     let first = UserPolicy.defaults(timeZoneIdentifier: "UTC")
 496 |     _ = try store.save(first)
     |                   `- warning: 'save' is deprecated: Use saveMutation for user-driven writes. This escape hatch is only for system maintenance and bootstrap. [#DeprecatedDeclaration]
 497 |     var changedDraft = SettingsPolicyDraft(policy: first)
 498 |     changedDraft.capacityPercent = 85

/private/tmp/zoid-integrate-zc037-compact-helper/Tests/ZoidCoachAppTests/SettingsPolicyDraftTests.swift:499:19: warning: 'save' is deprecated: Use saveMutation for user-driven writes. This escape hatch is only for system maintenance and bootstrap. [#DeprecatedDeclaration]
 497 |     var changedDraft = SettingsPolicyDraft(policy: first)
 498 |     changedDraft.capacityPercent = 85
 499 |     _ = try store.save(changedDraft.policy(preserving: first))
     |                   `- warning: 'save' is deprecated: Use saveMutation for user-driven writes. This escape hatch is only for system maintenance and bootstrap. [#DeprecatedDeclaration]
 500 |     let controller = SettingsPolicyController(databaseURL: databaseURL) { request in
 501 |         let saved = try store.saveMutation(request)

/private/tmp/zoid-integrate-zc037-compact-helper/Tests/ZoidCoachAppTests/SettingsPolicyDraftTests.swift:527:19: warning: 'save' is deprecated: Use saveMutation for user-driven writes. This escape hatch is only for system maintenance and bootstrap. [#DeprecatedDeclaration]
 525 |     }
 526 |     let store = try PolicyStore(databaseURL: databaseURL)
 527 |     _ = try store.save(.defaults(timeZoneIdentifier: "UTC"))
     |                   `- warning: 'save' is deprecated: Use saveMutation for user-driven writes. This escape hatch is only for system maintenance and bootstrap. [#DeprecatedDeclaration]
 528 |     let referenceDate = try #require(ISO8601DateFormatter().date(from: "2026-07-14T00:30:00Z"))
 529 |     let warning = TimeZonePlanMoveWarning(

/private/tmp/zoid-integrate-zc037-compact-helper/Tests/ZoidCoachAppTests/SettingsPolicyDraftTests.swift:619:19: warning: 'save' is deprecated: Use saveMutation for user-driven writes. This escape hatch is only for system maintenance and bootstrap. [#DeprecatedDeclaration]
 617 |     }
 618 |     let store = try PolicyStore(databaseURL: databaseURL)
 619 |     _ = try store.save(.defaults(timeZoneIdentifier: "UTC"))
     |                   `- warning: 'save' is deprecated: Use saveMutation for user-driven writes. This escape hatch is only for system maintenance and bootstrap. [#DeprecatedDeclaration]
 620 |     let controller = SettingsPolicyController(
 621 |         databaseURL: databaseURL,

/private/tmp/zoid-integrate-zc037-compact-helper/Tests/ZoidCoachAppTests/SettingsPolicyDraftTests.swift:652:19: warning: 'save' is deprecated: Use saveMutation for user-driven writes. This escape hatch is only for system maintenance and bootstrap. [#DeprecatedDeclaration]
 650 |     }
 651 |     let store = try PolicyStore(databaseURL: databaseURL)
 652 |     _ = try store.save(.defaults(timeZoneIdentifier: "UTC"))
     |                   `- warning: 'save' is deprecated: Use saveMutation for user-driven writes. This escape hatch is only for system maintenance and bootstrap. [#DeprecatedDeclaration]
 653 |     let controller = SettingsPolicyController(
 654 |         databaseURL: databaseURL,

/private/tmp/zoid-integrate-zc037-compact-helper/Tests/ZoidCoachAppTests/SettingsPolicyDraftTests.swift:678:19: warning: 'save' is deprecated: Use saveMutation for user-driven writes. This escape hatch is only for system maintenance and bootstrap. [#DeprecatedDeclaration]
 676 |     let referenceDate = try #require(ISO8601DateFormatter().date(from: "2026-07-14T00:30:00Z"))
 677 |     let store = try PolicyStore(databaseURL: databaseURL)
 678 |     _ = try store.save(.defaults(timeZoneIdentifier: "UTC"))
     |                   `- warning: 'save' is deprecated: Use saveMutation for user-driven writes. This escape hatch is only for system maintenance and bootstrap. [#DeprecatedDeclaration]
 679 |     let sourcePlanStore = try AutonomousPlanStore(databaseURL: databaseURL, timeZoneIdentifier: { "UTC" })
 680 |     try sourcePlanStore.replaceDailyPlan(

/private/tmp/zoid-integrate-zc037-compact-helper/Tests/ZoidCoachAppTests/SettingsPolicyDraftTests.swift:857:19: warning: 'save' is deprecated: Use saveMutation for user-driven writes. This escape hatch is only for system maintenance and bootstrap. [#DeprecatedDeclaration]
 855 |     }
 856 |     let store = try PolicyStore(databaseURL: databaseURL)
 857 |     _ = try store.save(.defaults(timeZoneIdentifier: "UTC"))
     |                   `- warning: 'save' is deprecated: Use saveMutation for user-driven writes. This escape hatch is only for system maintenance and bootstrap. [#DeprecatedDeclaration]
 858 |     let controller = SettingsPolicyController(databaseURL: databaseURL) { request in
 859 |         let saved = try store.saveMutation(request)

/private/tmp/zoid-integrate-zc037-compact-helper/Tests/ZoidCoachAppTests/SettingsPolicyDraftTests.swift:891:19: warning: 'save' is deprecated: Use saveMutation for user-driven writes. This escape hatch is only for system maintenance and bootstrap. [#DeprecatedDeclaration]
 889 |     }
 890 |     let store = try PolicyStore(databaseURL: databaseURL)
 891 |     _ = try store.save(.defaults(timeZoneIdentifier: "UTC"))
     |                   `- warning: 'save' is deprecated: Use saveMutation for user-driven writes. This escape hatch is only for system maintenance and bootstrap. [#DeprecatedDeclaration]
 892 |     let controller = SettingsPolicyController(databaseURL: databaseURL) { request in
 893 |         let saved = try store.saveMutation(request)

/private/tmp/zoid-integrate-zc037-compact-helper/Tests/ZoidCoachAppTests/SettingsPolicyDraftTests.swift:936:19: warning: 'save' is deprecated: Use saveMutation for user-driven writes. This escape hatch is only for system maintenance and bootstrap. [#DeprecatedDeclaration]
 934 |     }
 935 |     let store = try PolicyStore(databaseURL: databaseURL)
 936 |     _ = try store.save(.defaults(timeZoneIdentifier: "Africa/Cairo"))
     |                   `- warning: 'save' is deprecated: Use saveMutation for user-driven writes. This escape hatch is only for system maintenance and bootstrap. [#DeprecatedDeclaration]
 937 |     let controller = SettingsPolicyController(databaseURL: databaseURL) { request in
 938 |         let saved = try store.saveMutation(request)

/private/tmp/zoid-integrate-zc037-compact-helper/Tests/ZoidCoachAppTests/SettingsPolicyDraftTests.swift:981:19: warning: 'save' is deprecated: Use saveMutation for user-driven writes. This escape hatch is only for system maintenance and bootstrap. [#DeprecatedDeclaration]
 979 |     }
 980 |     let store = try PolicyStore(databaseURL: databaseURL)
 981 |     _ = try store.save(.defaults(timeZoneIdentifier: "UTC"))
     |                   `- warning: 'save' is deprecated: Use saveMutation for user-driven writes. This escape hatch is only for system maintenance and bootstrap. [#DeprecatedDeclaration]
 982 |     let apply: @Sendable (PolicyMutationRequest) async throws -> AgentMutationReceipt = { request in
 983 |         let receipt = try store.saveMutation(request)

/private/tmp/zoid-integrate-zc037-compact-helper/Tests/ZoidCoachAppTests/SettingsPolicyDraftTests.swift:1149:19: warning: 'save' is deprecated: Use saveMutation for user-driven writes. This escape hatch is only for system maintenance and bootstrap. [#DeprecatedDeclaration]
1147 |     }
1148 |     let store = try PolicyStore(databaseURL: databaseURL)
1149 |     _ = try store.save(.defaults(timeZoneIdentifier: "UTC"))
     |                   `- warning: 'save' is deprecated: Use saveMutation for user-driven writes. This escape hatch is only for system maintenance and bootstrap. [#DeprecatedDeclaration]
1150 |     let controller = SettingsPolicyController(databaseURL: databaseURL) { _ in
1151 |         AgentMutationReceipt(accepted: true, message: "saved", policyVersion: 2)

[#DeprecatedDeclaration]: <https://docs.swift.org/compiler/documentation/diagnostics/deprecated-declaration>
[302/357] Compiling ZoidCoachAppTests SourceHealthTests.swift
/private/tmp/zoid-integrate-zc037-compact-helper/Tests/ZoidCoachAppTests/ScreenwatchArchiveTests.swift:96:25: warning: 'save' is deprecated: Use saveMutation for user-driven writes. This escape hatch is only for system maintenance and bootstrap. [#DeprecatedDeclaration]
 94 |     let clock = ArchivePolicyClock(Date(timeIntervalSince1970: 1_783_663_190))
 95 |     let policyStore = try PolicyStore(databaseURL: databaseURL, now: { clock.now })
 96 |     _ = try policyStore.save(archivePolicy(work: [], gaming: ["Steam"]))
    |                         `- warning: 'save' is deprecated: Use saveMutation for user-driven writes. This escape hatch is only for system maintenance and bootstrap. [#DeprecatedDeclaration]
 97 |     clock.now = Date(timeIntervalSince1970: 1_783_663_203)
 98 |     _ = try policyStore.save(archivePolicy(work: ["Steam"], gaming: []))

/private/tmp/zoid-integrate-zc037-compact-helper/Tests/ZoidCoachAppTests/ScreenwatchArchiveTests.swift:98:25: warning: 'save' is deprecated: Use saveMutation for user-driven writes. This escape hatch is only for system maintenance and bootstrap. [#DeprecatedDeclaration]
 96 |     _ = try policyStore.save(archivePolicy(work: [], gaming: ["Steam"]))
 97 |     clock.now = Date(timeIntervalSince1970: 1_783_663_203)
 98 |     _ = try policyStore.save(archivePolicy(work: ["Steam"], gaming: []))
    |                         `- warning: 'save' is deprecated: Use saveMutation for user-driven writes. This escape hatch is only for system maintenance and bootstrap. [#DeprecatedDeclaration]
 99 |     let log = """
100 |     {"t":"09-00-00","epoch":1783663200,"app":"Steam","window":"Game","url":"","img":false}

/private/tmp/zoid-integrate-zc037-compact-helper/Tests/ZoidCoachAppTests/ScreenwatchArchiveTests.swift:110:25: warning: 'save' is deprecated: Use saveMutation for user-driven writes. This escape hatch is only for system maintenance and bootstrap. [#DeprecatedDeclaration]
108 |     let firstRead = try archive.behaviorObservations(for: Date(timeIntervalSince1970: 1_783_663_210))
109 |     clock.now = Date(timeIntervalSince1970: 1_783_663_220)
110 |     _ = try policyStore.save(archivePolicy(work: [], gaming: ["Steam"]))
    |                         `- warning: 'save' is deprecated: Use saveMutation for user-driven writes. This escape hatch is only for system maintenance and bootstrap. [#DeprecatedDeclaration]
111 |     let secondRead = try archive.behaviorObservations(for: Date(timeIntervalSince1970: 1_783_663_210))
112 | 

/private/tmp/zoid-integrate-zc037-compact-helper/Tests/ZoidCoachAppTests/ScreenwatchArchiveTests.swift:162:25: warning: 'save' is deprecated: Use saveMutation for user-driven writes. This escape hatch is only for system maintenance and bootstrap. [#DeprecatedDeclaration]
160 |         now: { Date(timeIntervalSince1970: 1_783_663_190) }
161 |     )
162 |     _ = try policyStore.save(archivePolicy(work: [], gaming: ["Slack"]))
    |                         `- warning: 'save' is deprecated: Use saveMutation for user-driven writes. This escape hatch is only for system maintenance and bootstrap. [#DeprecatedDeclaration]
163 |     let log = """
164 |     {"t":"09-00-00","epoch":1783663200,"app":"Slack","window":"Engineering project workspace","url":"","img":false}

/private/tmp/zoid-integrate-zc037-compact-helper/Tests/ZoidCoachAppTests/SettingsPolicyDraftTests.swift:496:19: warning: 'save' is deprecated: Use saveMutation for user-driven writes. This escape hatch is only for system maintenance and bootstrap. [#DeprecatedDeclaration]
 494 |     let store = try PolicyStore(databaseURL: databaseURL)
 495 |     let first = UserPolicy.defaults(timeZoneIdentifier: "UTC")
 496 |     _ = try store.save(first)
     |                   `- warning: 'save' is deprecated: Use saveMutation for user-driven writes. This escape hatch is only for system maintenance and bootstrap. [#DeprecatedDeclaration]
 497 |     var changedDraft = SettingsPolicyDraft(policy: first)
 498 |     changedDraft.capacityPercent = 85

/private/tmp/zoid-integrate-zc037-compact-helper/Tests/ZoidCoachAppTests/SettingsPolicyDraftTests.swift:499:19: warning: 'save' is deprecated: Use saveMutation for user-driven writes. This escape hatch is only for system maintenance and bootstrap. [#DeprecatedDeclaration]
 497 |     var changedDraft = SettingsPolicyDraft(policy: first)
 498 |     changedDraft.capacityPercent = 85
 499 |     _ = try store.save(changedDraft.policy(preserving: first))
     |                   `- warning: 'save' is deprecated: Use saveMutation for user-driven writes. This escape hatch is only for system maintenance and bootstrap. [#DeprecatedDeclaration]
 500 |     let controller = SettingsPolicyController(databaseURL: databaseURL) { request in
 501 |         let saved = try store.saveMutation(request)

/private/tmp/zoid-integrate-zc037-compact-helper/Tests/ZoidCoachAppTests/SettingsPolicyDraftTests.swift:527:19: warning: 'save' is deprecated: Use saveMutation for user-driven writes. This escape hatch is only for system maintenance and bootstrap. [#DeprecatedDeclaration]
 525 |     }
 526 |     let store = try PolicyStore(databaseURL: databaseURL)
 527 |     _ = try store.save(.defaults(timeZoneIdentifier: "UTC"))
     |                   `- warning: 'save' is deprecated: Use saveMutation for user-driven writes. This escape hatch is only for system maintenance and bootstrap. [#DeprecatedDeclaration]
 528 |     let referenceDate = try #require(ISO8601DateFormatter().date(from: "2026-07-14T00:30:00Z"))
 529 |     let warning = TimeZonePlanMoveWarning(

/private/tmp/zoid-integrate-zc037-compact-helper/Tests/ZoidCoachAppTests/SettingsPolicyDraftTests.swift:619:19: warning: 'save' is deprecated: Use saveMutation for user-driven writes. This escape hatch is only for system maintenance and bootstrap. [#DeprecatedDeclaration]
 617 |     }
 618 |     let store = try PolicyStore(databaseURL: databaseURL)
 619 |     _ = try store.save(.defaults(timeZoneIdentifier: "UTC"))
     |                   `- warning: 'save' is deprecated: Use saveMutation for user-driven writes. This escape hatch is only for system maintenance and bootstrap. [#DeprecatedDeclaration]
 620 |     let controller = SettingsPolicyController(
 621 |         databaseURL: databaseURL,

/private/tmp/zoid-integrate-zc037-compact-helper/Tests/ZoidCoachAppTests/SettingsPolicyDraftTests.swift:652:19: warning: 'save' is deprecated: Use saveMutation for user-driven writes. This escape hatch is only for system maintenance and bootstrap. [#DeprecatedDeclaration]
 650 |     }
 651 |     let store = try PolicyStore(databaseURL: databaseURL)
 652 |     _ = try store.save(.defaults(timeZoneIdentifier: "UTC"))
     |                   `- warning: 'save' is deprecated: Use saveMutation for user-driven writes. This escape hatch is only for system maintenance and bootstrap. [#DeprecatedDeclaration]
 653 |     let controller = SettingsPolicyController(
 654 |         databaseURL: databaseURL,

/private/tmp/zoid-integrate-zc037-compact-helper/Tests/ZoidCoachAppTests/SettingsPolicyDraftTests.swift:678:19: warning: 'save' is deprecated: Use saveMutation for user-driven writes. This escape hatch is only for system maintenance and bootstrap. [#DeprecatedDeclaration]
 676 |     let referenceDate = try #require(ISO8601DateFormatter().date(from: "2026-07-14T00:30:00Z"))
 677 |     let store = try PolicyStore(databaseURL: databaseURL)
 678 |     _ = try store.save(.defaults(timeZoneIdentifier: "UTC"))
     |                   `- warning: 'save' is deprecated: Use saveMutation for user-driven writes. This escape hatch is only for system maintenance and bootstrap. [#DeprecatedDeclaration]
 679 |     let sourcePlanStore = try AutonomousPlanStore(databaseURL: databaseURL, timeZoneIdentifier: { "UTC" })
 680 |     try sourcePlanStore.replaceDailyPlan(

/private/tmp/zoid-integrate-zc037-compact-helper/Tests/ZoidCoachAppTests/SettingsPolicyDraftTests.swift:857:19: warning: 'save' is deprecated: Use saveMutation for user-driven writes. This escape hatch is only for system maintenance and bootstrap. [#DeprecatedDeclaration]
 855 |     }
 856 |     let store = try PolicyStore(databaseURL: databaseURL)
 857 |     _ = try store.save(.defaults(timeZoneIdentifier: "UTC"))
     |                   `- warning: 'save' is deprecated: Use saveMutation for user-driven writes. This escape hatch is only for system maintenance and bootstrap. [#DeprecatedDeclaration]
 858 |     let controller = SettingsPolicyController(databaseURL: databaseURL) { request in
 859 |         let saved = try store.saveMutation(request)

/private/tmp/zoid-integrate-zc037-compact-helper/Tests/ZoidCoachAppTests/SettingsPolicyDraftTests.swift:891:19: warning: 'save' is deprecated: Use saveMutation for user-driven writes. This escape hatch is only for system maintenance and bootstrap. [#DeprecatedDeclaration]
 889 |     }
 890 |     let store = try PolicyStore(databaseURL: databaseURL)
 891 |     _ = try store.save(.defaults(timeZoneIdentifier: "UTC"))
     |                   `- warning: 'save' is deprecated: Use saveMutation for user-driven writes. This escape hatch is only for system maintenance and bootstrap. [#DeprecatedDeclaration]
 892 |     let controller = SettingsPolicyController(databaseURL: databaseURL) { request in
 893 |         let saved = try store.saveMutation(request)

/private/tmp/zoid-integrate-zc037-compact-helper/Tests/ZoidCoachAppTests/SettingsPolicyDraftTests.swift:936:19: warning: 'save' is deprecated: Use saveMutation for user-driven writes. This escape hatch is only for system maintenance and bootstrap. [#DeprecatedDeclaration]
 934 |     }
 935 |     let store = try PolicyStore(databaseURL: databaseURL)
 936 |     _ = try store.save(.defaults(timeZoneIdentifier: "Africa/Cairo"))
     |                   `- warning: 'save' is deprecated: Use saveMutation for user-driven writes. This escape hatch is only for system maintenance and bootstrap. [#DeprecatedDeclaration]
 937 |     let controller = SettingsPolicyController(databaseURL: databaseURL) { request in
 938 |         let saved = try store.saveMutation(request)

/private/tmp/zoid-integrate-zc037-compact-helper/Tests/ZoidCoachAppTests/SettingsPolicyDraftTests.swift:981:19: warning: 'save' is deprecated: Use saveMutation for user-driven writes. This escape hatch is only for system maintenance and bootstrap. [#DeprecatedDeclaration]
 979 |     }
 980 |     let store = try PolicyStore(databaseURL: databaseURL)
 981 |     _ = try store.save(.defaults(timeZoneIdentifier: "UTC"))
     |                   `- warning: 'save' is deprecated: Use saveMutation for user-driven writes. This escape hatch is only for system maintenance and bootstrap. [#DeprecatedDeclaration]
 982 |     let apply: @Sendable (PolicyMutationRequest) async throws -> AgentMutationReceipt = { request in
 983 |         let receipt = try store.saveMutation(request)

/private/tmp/zoid-integrate-zc037-compact-helper/Tests/ZoidCoachAppTests/SettingsPolicyDraftTests.swift:1149:19: warning: 'save' is deprecated: Use saveMutation for user-driven writes. This escape hatch is only for system maintenance and bootstrap. [#DeprecatedDeclaration]
1147 |     }
1148 |     let store = try PolicyStore(databaseURL: databaseURL)
1149 |     _ = try store.save(.defaults(timeZoneIdentifier: "UTC"))
     |                   `- warning: 'save' is deprecated: Use saveMutation for user-driven writes. This escape hatch is only for system maintenance and bootstrap. [#DeprecatedDeclaration]
1150 |     let controller = SettingsPolicyController(databaseURL: databaseURL) { _ in
1151 |         AgentMutationReceipt(accepted: true, message: "saved", policyVersion: 2)

[#DeprecatedDeclaration]: <https://docs.swift.org/compiler/documentation/diagnostics/deprecated-declaration>
[303/357] Compiling ZoidCoachAppTests AppBuildIdentityTests.swift
[304/357] Compiling ZoidCoachAppTests AppClassificationRulesDocumentServiceTests.swift
[305/357] Compiling ZoidCoachAppTests AppInventoryServiceTests.swift
[306/357] Compiling ZoidCoachAppTests AppModelTaskCommandConfirmationTests.swift
[307/357] Compiling ZoidCoachAppTests AppUsageInteractionTests.swift
[308/357] Compiling ZoidCoachAppTests AutonomousDatabaseMigratorTests.swift
[309/357] Compiling ZoidCoachAppTests AutonomousPlanStoreTests.swift
[310/357] Compiling ZoidCoachAppTests AutonomousPlannerTests.swift
[311/357] Compiling ZoidCoachAppTests BaselineObservationTests.swift
[312/357] Compiling ZoidCoachAppTests BehaviorEvidenceStateTests.swift
[313/357] Compiling ZoidCoachAppTests CalendarPlanApprovalStateTests.swift
[314/357] Compiling ZoidCoachAppTests CalendarPlanOperationStoreTests.swift
[315/357] Compiling ZoidCoachAppTests CodexCLIPlanningAdvisorTests.swift
[316/357] Compiling ZoidCoachAppTests CodexJobCoordinatorTests.swift
[317/357] Compiling ZoidCoachAppTests DailyPlanRevisionTests.swift
[318/357] Compiling ZoidCoachAppTests DailyReviewTests.swift
[319/357] Compiling ZoidCoachAppTests DailySourceCoverageTests.swift
[320/357] Compiling ZoidCoachAppTests DashboardEndWorkdayFlowTests.swift
[321/357] Compiling ZoidCoachAppTests DashboardPromptTaskStartTests.swift
[322/357] Compiling ZoidCoachAppTests DefaultCoachingPauseDurationTests.swift
[323/357] Compiling ZoidCoachAppTests DeterministicOSFixtureAdaptersTests.swift
[324/357] Compiling ZoidCoachAppTests DeterministicReplayLearningTests.swift
[325/357] Compiling ZoidCoachAppTests DeterministicTestControlTests.swift
[326/357] Compiling ZoidCoachAppTests EndWorkdayReviewControllerTests.swift
[327/357] Compiling ZoidCoachAppTests EventStoreTests.swift
[328/357] Compiling ZoidCoachAppTests GamingDriftPromptServiceTests.swift
[329/357] Compiling ZoidCoachAppTests GamingUnlockConditionPresentationTests.swift
[330/357] Compiling ZoidCoachAppTests PrivacyDataServiceTests.swift
[331/357] Compiling ZoidCoachAppTests PrivacyDeletionRangeTests.swift
[332/357] Compiling ZoidCoachAppTests PrivacyPolicyCodexModelTests.swift
[333/357] Compiling ZoidCoachAppTests PromptActionPresentationTests.swift
[334/357] Compiling ZoidCoachAppTests PromptInboxTests.swift
[335/357] Compiling ZoidCoachAppTests PromptNotificationCoordinatorTests.swift
[336/357] Compiling ZoidCoachAppTests PromptNotificationRelevanceTests.swift
[337/357] Compiling ZoidCoachAppTests PromptResponseEffectRouterTests.swift
[338/357] Compiling ZoidCoachAppTests PromptTaskBlockStateTests.swift
[339/357] Compiling ZoidCoachAppTests QAAgentRegistrationLifecycleTests.swift
[340/357] Compiling ZoidCoachAppTests QAFixtureOSCompositionTests.swift
[341/357] Compiling ZoidCoachAppTests QANotificationReplacementProbeTests.swift
[342/357] Compiling ZoidCoachAppTests QAReadyStateFixtureTests.swift
[343/357] Compiling ZoidCoachAppTests TodayDashboardTests.swift
[344/357] Compiling ZoidCoachAppTests TodayTaskMutationXPCTests.swift
[345/357] Compiling ZoidCoachAppTests UserPolicyTests.swift
[346/357] Compiling ZoidCoachAppTests VoiceDomainTests.swift
[347/357] Compiling ZoidCoachAppTests VoicePersistenceStoreTests.swift
[348/357] Compiling ZoidCoachAppTests VoiceRuntimeIsolationTests.swift
[349/357] Compiling ZoidCoachAppTests VoiceToolRouterTests.swift
[350/357] Compiling ZoidCoachAppTests WakeTaskReconfirmationControllerTests.swift
[351/357] Compiling ZoidCoachAppTests WeeklyReviewTests.swift
[352/357] Compiling ZoidCoachAppTests WhatsAppEvaluationFixture.swift
[353/357] Compiling ZoidCoachAppTests WhatsAppFixtureEvaluationTests.swift
[354/357] Compiling ZoidCoachAppTests XPCSigningIdentityTests.swift
[355/357] Compiling ZoidCoachAppTests ZC052005AcceptanceProbeTests.swift
[356/359] Emitting module ZoidCoachPackageTests
[357/359] Compiling ZoidCoachPackageTests runner.swift
[357/359] Write Objects.LinkFileList
[358/359] Linking ZoidCoachPackageTests
Build complete! (54.74s)
Test Suite 'Selected tests' started at 2026-07-14 08:52:35.634.
Test Suite 'ZoidCoachPackageTests.xctest' started at 2026-07-14 08:52:35.634.
Test Suite 'ZoidCoachPackageTests.xctest' passed at 2026-07-14 08:52:35.634.
	 Executed 0 tests, with 0 failures (0 unexpected) in 0.000 (0.000) seconds
Test Suite 'Selected tests' passed at 2026-07-14 08:52:35.634.
	 Executed 0 tests, with 0 failures (0 unexpected) in 0.000 (0.001) seconds
◇ Test run started.
↳ Testing Library Version: 1902
↳ Target Platform: arm64e-apple-macos14.0
◇ Test compactMenuFallbackNeverOverwritesNewerControllerTruth() started.
✘ Test compactMenuFallbackNeverOverwritesNewerControllerTruth() recorded an issue at MenuBarCoachTests.swift:450:5: Expectation failed: (controller.state.activeTask?.taskID → nil) == "task"
✘ Test compactMenuFallbackNeverOverwritesNewerControllerTruth() recorded an issue at MenuBarCoachTests.swift:451:5: Expectation failed: (controller.state.taskStatus → "Recommended next") == "Active · Open-ended · 11 min tracked"
✘ Test compactMenuFallbackNeverOverwritesNewerControllerTruth() failed after 0.001 seconds with 2 issues.
✘ Test run with 1 test in 0 suites failed after 0.001 seconds with 2 issues.
